cid,name,num_synonyms,list_synonyms
38,"4-hydroxy-3,3-dimethyl-2-oxobutanoic acid",22,"['2-dehydropantoate', '4-hydroxy-3,3-dimethyl-2-oxobutanoic acid', 'ketopantoic acid', 'ketopantoate', '470-30-4', '2-dehydropantoic acid', 'KPL', 'GZM7NYS95Z', 'Butanoic acid, 4-hydroxy-3,3-dimethyl-2-oxo-', 'SCHEMBL392087', 'CHEBI:17094', 'DTXSID90274258', 'ZINC1532800', 'AKOS006377093', 'DB03795', '3-Hydroxymethyl-3-methyl-2-oxobutanoic acid', 'C00966', 'EN300-1849286', '3,3-Dimethyl-4-oxidanyl-2-oxidanylidene-butanoic acid', 'alpha-keto-beta,beta-dimethyl-gamma-hydroxybutyric acid', 'Q27094687', '2-Dehydropantoic acid lithium salt, >=95.0% (HPLC)']"
502,4-aminobutylurea,19,"['N-carbamoylputrescine', '6851-51-0', '4-aminobutylurea', '(4-aminobutyl)urea', 'Urea, N-(4-aminobutyl)-', '1-(4-aminobutyl)urea', 'Urea, (4-aminobutyl)-', 'Q40BOH7F84', 'UNII-Q40BOH7F84', 'Carbamylputrescine', '(4-aminobutyl)-Urea', 'SCHEMBL1332569', 'CHEBI:17902', 'DTXSID10218639', 'ZINC1532656', 'AKOS005067098', 'C00436', 'EN300-146691', 'Q3869317']"
476,3-hydroxy-3-methyl-5-phosphonooxypentanoic acid,12,"['Phosphomevalonic acid', '1189-94-2', 'Phosphomevalonate', '3-hydroxy-3-methyl-5-phosphonooxypentanoic acid', 'MEVALONIC ACID-5-PHOSPHATE', '5-phosphomevalonic acid', 'SCHEMBL599363', 'DTXSID00868263', 'CHEBI:125405', 'Q952532', 'BRD-A47441220-001-01-0', 'Pentanoic acid, 3-hydroxy-3-methyl-5-(phosphonooxy)-']"
11,"1,2-dichloroethane",177,"['1,2-dichloroethane', 'Ethylene dichloride', '107-06-2', 'Ethylene chloride', 'Ethane, 1,2-dichloro-', 'Glycol dichloride', 'Dichloroethylene', 'Dutch liquid', 'Ethane dichloride', 'Aethylenchlorid', 'Dichloro-1,2-ethane', 'sym-Dichloroethane', 'Dichloremulsion', '1,2-Dichlorethane', 'Brocide', '1,2-Bichloroethane', 'Dichlor-Mulsion', ""Bichlorure D'ethylene"", 'Borer sol', 'Di-chlor-mulsion', '1,2-DCE', 'Freon 150', 'alpha,beta-Dichloroethane', 'EDC (halocarbon)', '1,2-Ethylene dichloride', 'Destruxol borer-sol', 'Ethyleendichloride', 'Cloruro di ethene', 'Rcra waste number U077', '1,2-Dicloroetano', '1,2-Ethylidene dichloride', ""Chlorure D'ethylene"", '1,2-Dichloorethaan', 'DCE', '1,2-Dichlor-aethan', '1, 2-dichloroethane', 'Aethylendichlorid', 's-Dichloroethane', 'HCC 150', 'ethylenedichloride', 'NCI-C00511', 'EDC', 'ENT 1,656', '1,2-Dichloraethan', '1.2-dichloroethane', '.alpha.,.beta.-Dichloroethane', '1,2-Dichloro-Ethane', 'MFCD00000963', 'CHEBI:27789', '55163IJI47', 'Caswell No. 440', 'Aethylenchlorid [German]', 'RY Dichloro-1,2-ethane', 'Ethyleendichloride [Dutch]', '1,2-Dichloroethane, analytical standard', 'Cloruro di ethene [Italian]', '29561-65-7', '52399-93-6', 'HSDB 65', '1,2-Dichloorethaan [Dutch]', '1,2-Dicloroetano [Italian]', 'CCRIS 225', ""Chlorure d'ethylene [French]"", '1,2 dichloroethane', '1,2-Dichlor-aethan [German]', ""Bichlorure d'ethylene [French]"", ""Dichlorure d'ethylene"", 'Dichloro-1,2-ethane [French]', 'ClCH2CH2Cl', 'Ethylene dichloride [BSI:ISO]', '1,2-Dichloroethane 100 microg/mL in Methanol', ""Dichlorure d'ethylene [ISO-French]"", 'EINECS 203-458-1', 'UN1184', 'RCRA waste no. U077', 'EPA Pesticide Chemical Code 042003', 'ethylenechloride', 'ethylendichloride', 'AI3-01656', 'alpha,Bet', 'dichloro ethylene', 'ethylene-chloride', 'UNII-55163IJI47', 'ethylene dichoride', '1,2-DICHLOROETHANE, ACS', '1,2dichlorethane', '1,2dichloroethane', 'ehtylene dichloride', '1,2 dichlorethane', '1,2 dichoroethane', '1,2-dichloroetane', '1,2-dichloroethan', '1,2-dichoroethane', '1,2-dicloroethane', '1,2-dichioroethane', '1,2-dichloroetharie', '1 ,2-dichloroethane', '1, 2 dichloroethane', '1,2 -dichloroethane', '1,2 dichloro ethane', '1,2,-dichloroethane', '1,2- dichloroethane', '1,2-di-chloroethane', '1,2-dichloro ethane', '1.2-di-chloroethane', 'CH2ClCH2Cl', '1,2-ethylenedichloride', 'ClCH2-CH2Cl', 'dichloro-1, 2-ethane', 'C1CH2CH2Cl', 'ClCH2CH2C1', 'EDC, JMAF', 'Cl(CH2)2Cl', 'DSSTox_CID_438', '12-DICHLOROETHANE', 'bmse000568', 'EC 203-458-1', 'DSSTox_RID_75587', 'DSSTox_GSID_20438', 'CHEMBL16370', '1,2-Dichloroethane ACS grade', '1,2-Dichloroethane, for HPLC', 'Ethylene dichloride, BSI, ISO', 'DTXSID6020438', 'ETHYLENE DICHLORIDE [MI]', 'Dichloroethane Reagent Grade ACS', 'ETHYLENE DICHLORIDE [FCC]', 'ETHYLENE DICHLORIDE [ISO]', '1,2-Dichloroethane, ACS reagent', '1,2-Dichloroethane, HPLC Grade', 'ETHYLENE DICHLORIDE [HSDB]', 'ETHYLENE DICHLORIDE [INCI]', '1,2-DICHLOROETHANE [IARC]', 'AMY33455', 'ETHYLENE DICHLORIDE [MART.]', 'ZINC8220695', 'Tox21_202466', '1,2-Dichloroethane, LR, >=99%', 'ETHYLENE DICHLORIDE [WHO-DD]', 'STL264187', '1,2-DICHLOROETHANE [USP-RS]', 'AKOS000120021', '1,2-Dichloroethane, p.a., 99.5%', 'DB03733', 'UN 1184', '1,2-Dichloroethane, AR, >=99.5%', '1,2-Dichloroethane, anhydrous, 99.8%', 'NCGC00091763-01', 'NCGC00091763-02', 'NCGC00091763-03', 'NCGC00260015-01', 'CAS-107-06-2', '1,2-Dichloroethane, for HPLC, 99.8%', '1,2-Dichloroethane, ACS reagent, >=99%', '1,2-Dichloroethane, ReagentPlus(R), 99%', '1,2-Dichloroethane, for HPLC, >=99.8%', '1,2-Dichloroethane, Spectrophotometric Grade', 'D0310', 'D0364', 'E0289', 'FT-0626325', 'FT-0771283', 'R 150', '1,2-Dichloroethane 10 microg/mL in Methanol', 'EN300-19802', '1,2-Dichloroethane, ACS reagent, >=99.0%', 'C06752', '1,2-Dichloroethane 1000 microg/mL in Methanol', '1,2-Dichloroethane, SAJ first grade, >=99.0%', 'Q161480', '1,2-Dichloroethane, JIS special grade, >=99.5%', 'Ethylene dichloride [UN1184]  [Flammable liquid]', 'J-503815', '1,2-Dichloroethane, anhydrous, ZerO2(TM), 99.8%', '1,2-Dichloroethane, spectrophotometric grade, >=99%', 'ETHAMBUTOL HYDROCHLORIDE IMPURITY D [EP IMPURITY]', '1,2-Dichloroethane, puriss., absolute, over molecular sieve (H2O <=0.005%), >=99.5% (GC)']"
13,"1,2,4-trichlorobenzene",89,"['1,2,4-trichlorobenzene', '120-82-1', 'Benzene, 1,2,4-trichloro-', 'unsym-Trichlorobenzene', 'Hostetex L-pec', 'Trojchlorobenzen', '1,2,4-Trichlorbenzol', '1,2,4-Trichlorobenzol', '1,3,4-Trichlorobenzene', '1,2,5-Trichlorobenzene', 'as-trichlorobenzene', '1,2,4-trichloro-benzene', 'Trichlorobenzene A', 'NSC 406697', '63697-18-7', 'CHEBI:28222', '05IQ959M1N', '1,2,4-TCB', 'MFCD00000547', 'NSC-406697', 'DSSTox_CID_1965', 'DSSTox_RID_76431', 'DSSTox_GSID_21965', 'Trojchlorobenzen [Polish]', 'CAS-120-82-1', 'CCRIS 5945', 'HSDB 1105', 'EINECS 204-428-0', 'BRN 0956819', '1, 2, 4-Trichlorobenzene', 'Trichlorobenzol', 'UNII-05IQ959M1N', 'AI3-07775', 'Hipochem GM', '1,4-Trichlorobenzol', '1,4-Trichlorobenzene', '1,2,4-triclorobenzene', 'Benzene,2,4-trichloro-', 'WLN: GR BG DG', 'bmse000841', 'Benzene, 1,2,4-trichloro-, radical ion(1-)', 'EC 204-428-0', '2,4-dichlorophenyl chloride', 'SCHEMBL22730', 'ghl.PD_Mitscher_leg0.137', 'MLS001050173', 'BIDD:ER0328', 'CHEMBL296348', 'DTXSID0021965', '124-TCB', 'ZINC388208', '1,2,4-Trichlorobenzene-UL-14C', 'AMY40773', 'Tox21_201311', 'Tox21_300563', 'NSC406697', 'STL481897', 'AKOS000120900', '1,2,4-TRICHLOROBENZENE [MI]', '1,2,4-TRICHLOROBENZENE [HSDB]', 'NCGC00090833-01', 'NCGC00090833-02', 'NCGC00090833-03', 'NCGC00090833-04', 'NCGC00254336-01', 'NCGC00258863-01', 'SMR001216523', '1,2,4-Trichlorobenzene, anhydrous, >=99%', 'FT-0606243', 'FT-0606251', 'T0376', '1,2,4-Trichlorobenzene, for HPLC, >=99%', '1,2,4-Trichlorobenzene, for synthesis, 99%', 'EN300-20533', 'C06594', '1,2,4-Trichlorobenzene 100 microg/mL in Hexane', '1,2,4-Trichlorobenzene, ReagentPlus(R), >=99%', '1,2,4-Trichlorobenzene, Spectrophotometric Grade', 'Benzene,1,2,4-trichloro-,radical ion(1-)(9ci)', 'J-503791', 'Q1876830', '1,2,4-Trichlorobenzene 10 microg/mL in Cyclohexane', '1,2,4-Trichlorobenzene 5000 microg/mL in Methanol', '1,2,4-Trichlorobenzene, UV HPLC spectroscopic, 99.5%', 'F0001-0333', 'Z104478594', '1,2,4-Trichlorobenzene, PESTANAL(R), analytical standard', '1,2,4-Trichlorobenzene, certified reference material, TraceCERT(R)', '104810-41-5']"
515,"2-hydroxybutane-1,2,3-tricarboxylic acid",18,"['2-Methylcitric acid', '6061-96-7', '2-hydroxybutane-1,2,3-tricarboxylic acid', 'methylcitric acid', '2-Methylcitricacid', '2-methylcitrate', '2-hydroxy-1,2,3-butanetricarboxylic acid', '2-hydroxybutane-1,2,3-tricarboxylate', 'SCHEMBL271213', 'CHEBI:30835', 'DTXSID30863685', 'AKOS030255292', 'HY-113371', '1,2,3-Butanetricarboxylic acid, 2-hydroxy-', 'CS-0062310', '3-C-carboxy-2,4-dideoxy-2-methylpentaric acid', '2-hydroxy-1-methylpropane-1,2,3-tricarboxylic acid', 'Q27104155']"
501,2-amino-5-[[amino(dimethylamino)methylidene]amino]pentanoic acid,11,"['n-dimethylarginine', '2-amino-5-(amino-dimethylamino-methylidene)amino-pentanoic acid', 'L-Ornithine, N5-[(dimethylamino)iminomethyl]-', 'SCHEMBL12028770', 'DTXSID60860788', 'CHEBI:181449', ""N(G),N(G')-Dimethyl-L-arginine"", '2-amino-5-[[amino(dimethylamino)methylidene]amino]pentanoic acid', 'NG,NG inverted exclamation mark -Dimethy-L-arginine Di(p-hydroxyazobenzene-p inverted exclamation mark -sulfonate) Salt', 'FT-0667316', ""2-Amino-5-(N',N'-dimethylcarbamimidamido)pentanoic  acid""]"
529,2-phosphonooxyacetic acid,46,"['2-Phosphoglycolic Acid', 'Phosphoglycolic acid', 'phosphoglycolate', '13147-57-4', '(Phosphonooxy)acetic acid', '2-phosphonooxyacetic acid', 'acetic acid, (phosphonooxy)-', 'Glycophosphoric acid', '2-(phosphonooxy)acetic acid', 'Glycolic acid phosphate', 'Glycolic acid, di-H phosphate', 'CHEBI:17150', 'H8593JOP13', 'Glycolic acid, dihydrogen phosphate', '2-phosphonatoglycolate', 'Glycophosphorate', 'UNII-H8593JOP13', '1egh', '1hti', '1lyx', '1lzo', '1pdz', '2ypi', 'EINECS 236-084-2', '(Phosphonooxy)acetate', 'Phosphonooxyacetic acid', '(phosphonooxy)-acetate', '1aw1', '1kv5', '1ml1', 'Glycolic acid-2-phosphate', '(phosphonooxy)-acetic acid', 'Glycolic acid di-H phosphate', 'CHEMBL47181', 'Phosphonooxy-acetic acid anion', 'SCHEMBL380471', 'DTXSID60157064', '1s89', 'Glycolic acid dihydrogen phosphate', 'ZINC3869735', 'DB02726', 'ACETIC ACID, 2-(PHOSPHONOOXY)-', '2-Phosphoglycolatephosphonooxy-Acetic Acid', 'C00988', 'Q2823206', '6FB3806D-D746-4CF2-ACC9-B2596CFFA5A4']"
528,4-acetyloxy-2-aminobutanoic acid,9,"['4-acetyloxy-2-aminobutanoic acid', 'acetylhomoserine', '4-Acetoxy-2-aminobutanoic acid', 'Homoserine acetate', 'O-acetyl-dl-homoserine', 'SCHEMBL302495', 'CHEBI:7671', '4-(acetyloxy)-2-aminobutanoic acid', 'Q27107556']"
500,4-(diaminomethylideneamino)butanoic acid,61,"['4-Guanidinobutyric acid', '4-guanidinobutanoic acid', '463-00-3', 'gamma-Guanidinobutyric acid', '4-carbamimidamidobutanoic acid', 'gamma-guanidinobutyrate', '4-guanidinobutanoate', '4-(diaminomethylideneamino)butanoic acid', '4-(carbamimidamido)butanoic acid', 'NSC521717', 'NSC-521717', '4-GBA', '.gamma.-Guanidinobutyric acid', '15ADP48O8Q', 'CHEBI:15728', '4-[(diaminomethylidene)amino]butanoic acid', '4-guanidinobutyrate', '4-((amino(imino)methyl)amino)butanoic acid', 'Butanoic acid, 4-((aminoiminomethyl)amino)-', 'Butanoic acid, 4-[(aminoiminomethyl)amino]-', 'Butanoic acid,4-[(aminoiminomethyl)amino]-', 'UNII-15ADP48O8Q', 'g-Guanidinobutyrate', 'EINECS 207-331-1', 'NSC 521717', '4-guanidinobutanoicacid', '4-guanidino butyric acid', '4-Guanidino-Butyric Acid', 'bmse000344', 'NCIStruc1_001740', 'NCIStruc2_000146', '4-(carbamimidamido)butanoate', 'SCHEMBL33717', 'CHEMBL21157', '.GAMMA.-GUANIDINOBUTYRATE', 'CHEBI:86564', 'DTXSID50196785', '4-Guanidinobutyric acid, >=98%', 'ZINC1532820', 'Gamma-Guanidinobutyric acid; 4-GBA', '.GAMMA.-GUANIDINEBUTYRIC ACID', 'CCG-36583', 'MFCD00037314', 'NCGC00014910', 'NCI521717', 's6137', 'N-(4-BUTANOIC ACID)GUANIDINE', 'AKOS006222287', 'HL 6450', 'NCGC00014910-02', 'NCGC00098011-01', 'AS-65609', 'NCI60_004267', 'HY-113286', 'CS-0059514', 'FT-0694704', '4-([Amino(imino)methyl]amino)butanoic acid #', 'C01035', 'D84250', 'EN300-1268155', 'Q27457468']"
12,"benzene-1,2,3,5-tetrol",16,"['1,2,3,5-Benzenetetrol', '1,2,3,5-tetrahydroxybenzene', '634-94-6', 'benzene-1,2,3,5-tetrol', '5-hydroxypyrogallol', '6KQM6GV7J9', 'N-Benzylglycineethylester', 'HYDROXYPHLOROGLUCINOL', 'UNII-6KQM6GV7J9', 'C03743', 'SCHEMBL67497', 'CHEBI:16746', 'DTXSID90212812', 'AKOS006312269', 'A8823', 'Q3302015']"
16,"1,8-diazacyclotetradecane-2,9-dione",31,"['1,8-diazacyclotetradecane-2,9-dione', '56403-09-9', '6-Aminohexanoate Cyclic Dimer', '7,14-Diazacyclotetradecane-1,8-dione', 'LIJ968E05S', 'nylon cyclic dimer', 'nylon 6 cyclic dimer', 'UNII-LIJ968E05S', 'ACD', '1,8-Diaza-2,9-dioxo-cyclo-tetradecan', 'Cyclic Dimer of Caprolactam', 'CAPROLACTAM CYCLIC DIMER', 'CAS_16', 'NSC_16', 'BDBM81871', 'CHEBI:16968', '6-aminohexanoic acid cyclic dimer', 'DTXSID90204974', 'CHEBI:133923', 'ZINC3869184', '6-Aminohexanoic Acid Cyclized Dimer', 'AKOS016027661', '1,8-DIAZA-2,9-DIOXOCYCLOTETRADECANE', 'CYCLIC DIMER OF .EPSILON.-CAPROLACTAM', '1,8-DIAZA-2,9-DIKETOCYCLOTETRADECANE', 'C04277', 'C20990', '.EPSILON.-AMINOCAPROIC ACID CYCLIC DIMER', '2H-AZEPIN-2-ONE, HEXAHYDRO-, CYCLIC DIMER', 'Q27102157', '6-Aminohexanoate Cyclic Dimer; 1,8-Diaza-2,9-diketocyclotetradecane; (1,8-diazacyclotetradecane-2,9-dione)']"
510,"2,4,6-trihydroxy-1,3,5,2lambda5,4lambda5,6lambda5-trioxatriphosphinane 2,4,6-trioxide",17,"['trimetaphosphoric acid', 'cyclotriphosphoric acid', '13566-25-1', 'cyclo-triphosphoric acid', 'Metaphosphoric acid (H3P3O9)', '1,3,5,2,4,6-trioxatriphosphinane-2,4,6-triol 2,4,6-trioxide', 'CHEBI:16517', 'H6C6T4285H', '2,4,6-TRIHYDROXY-, 2,4,6-TRIOXIDE', '2,4,6-trihydroxy-1,3,5,2lambda5,4lambda5,6lambda5-trioxatriphosphinane 2,4,6-trioxide', 'UNII-H6C6T4285H', 'CHEMBL1620743', 'DTXSID40159485', 'ZINC8214677', 'AKOS030228599', 'C02466', 'trihydroxy-1,3,5,2|E?,4|E?,6|E?-trioxatriphosphinane-2,4,6-trione']"
504,"1,4-dihydroimidazol-5-one",21,"['4-imidazolone', '1,4-dihydroimidazol-5-one', 'IMIDAZOLINONE', '1968-28-1', 'imidazol-4-one', 'imidazolin-5-one', 'CHEBI:28470', '3,5-dihydro-4H-imidazol-4-one', 'CHEMBL2447922', 'CHEBI:51023', 'DTXSID30274272', '1,5-dihydro-4H-imidazol-4-one', '4,5-dihydro-1H-imidazol-5-one', 'ZINC1591604', 'NSC382330', 'AKOS006352890', 'NSC-382330', '4H-IMIDAZOL-4-ONE,3,5-DIHYDRO-', 'DS-015096', 'C06195', 'A903103']"
470,"2,4-diaminobutanoic acid",55,"['2,4-Diaminobutanoic acid', '2,4-Diaminobutyric acid', '305-62-4', '2,4-Diamino-butyric acid', 'DL-2,4-Diaminobutyric acid', 'Butanoic acid, 2,4-diamino-', 'alpha,gamma-Diaminobutyric acid', '2,4-diamino-butanoic acid', 'Butyric acid, 2,4-diamino-', 'CHEBI:64307', 'Butanoic acid, 2,4-diamino-, (+)-', '92V7KM11ZK', 'CHEMBL307931', '(RS)-2,4-Diaminobutyric acid', 'DL-2,4-Diamino-n-butyric acid', '6970-28-1', '2,4-Diaminobutyrate', '2,4-Diaminobutanoate', 'NSC41117', 'EINECS 206-166-2', 'UNII-92V7KM11ZK', '2,4-DIAMINO-BUTYRICACID', '2,4-diamino-butanoate', 'DL-DABA', '2,4-Diaminobutanoicacid', 'DL-2,4-Diaminobutanoate', 'SCHEMBL34705', '2,4-Diamino-n-butyric acid', '2,4-Diaminobutanoic acid #', 'DL-2,4-Diaminobutanoic acid', 'alpha,gamma-diaminobutanoic acid', 'DTXSID80862749', 'DL-alpha,gamma-Diaminobutyric acid', 'ALBB-025018', 'BDBM50226144', 'LMFA01100052', 'MFCD00025612', 'AKOS006220721', '2,4-DIAMINOBUTYRIC ACID, DL-', 'AM82466', 'NCI60_003932', '.ALPHA.,.GAMMA.-DIAMINOBUTYRIC ACID', 'DB-013132', 'FT-0633825', 'FT-0638649', 'FT-0700566', 'EN300-97504', 'DL-.ALPHA.,.GAMMA.-DIAMINOBUTYRIC ACID', 'DL-2,4-Diamino-n-butyric acid (H-DL-Dab-OH)', 'A847258', 'rac-2,4-Diaminobutyric Acid-[d5] Dihydrochloride', 'J-501041', 'Q27895750', '17E1DD55-BA23-4412-A558-FD4BB42055F1', '(S)-N-[ pound 4,5-dimethoxybenzocyclobut-1-yl pound(c)methyl ]-N-methylamine hydrochloride""155']"
471,"2-(3,4-dihydroxyphenyl)-3,5,7-trihydroxy-2,3-dihydrochromen-4-one",65,"['(+/-)-Taxifolin', ""3,3',4',5,7-Pentahydroxyflavanone"", '98006-93-0', '215257-15-1', 'NSC2801', '2-(3,4-dihydroxyphenyl)-3,5,7-trihydroxychroman-4-one', '2-(3,4-Dihydroxyphenyl)-3,5,7-trihydroxy-2,3-dihydro-4H-chromen-4-one', 'CHEBI:38747', 'NSC-2801', '(+)-Dihydroquercetin; (+)-Taxifolin', '2-(3,4-dihydroxyphenyl)-3,5,7-trihydroxy-2,3-dihydrochromen-4-one', '(?)-Taxifolin', '(+/-)-dihydroquercetin', '(y)-Taxifolin', '4H-1-Benzopyran-4-one, 2-(3,4-dihydroxyphenyl)-2,3-dihydro-3,5,7-trihydroxy-', 'Lopac0_001197', 'Oprea1_121838', 'SCHEMBL39570', 'MLS006011784', 'STO167', '2-(3,4-dihydroxyphenyl)-3,5,7-trihydroxy-chroman-4-one', 'DTXSID60859394', 'BDBM496932', 'HMS3263P15', 'HMS3373K02', 'HMS3393I06', 'HMS3393M22', 'HMS3428O01', 'HMS3656E11', 'BCP13395', '( inverted question mark)-Taxifolin', 'Tox21_501197', 'STK725114', 'AKOS001482428', 'AKOS016347422', 'cmdc.202100576, 15', 'CCG-205271', 'LP01197', 'SDCCGSBI-0051164.P002', 'NCGC00016024-02', 'NCGC00016024-03', 'NCGC00016024-04', 'NCGC00016024-05', 'NCGC00016024-06', 'NCGC00094447-01', 'NCGC00094447-02', 'NCGC00094447-03', 'NCGC00261882-01', 'NCGC00674398-01', 'SMR001456521', 'EU-0101197', 'FT-0604481', 'FT-0638403', 'FT-0642352', 'FT-0650551', ""FLAVANONE,3',4',5',7-PENTAHYDROXY"", 'T 4512', 'SR-01000076159', ""3,5,7,3',4'-Pentahydroxyflavanone, 2,3-dihydro-"", 'J-015393', 'SR-01000076159-1', 'Dihydroquercetin; Taxifoliol; (+)-Dihydroquercetin; (+)-Taxifoli', '2-(3,4-Dihydroxyphenyl)-3,5,7-trihydroxy-2,3-dihydro-4H-1-benzopyran-4-one', 'rel-(2R,3R)-2-(3,4-dihydroxyphenyl)-3,5,7-trihydroxy-2,3-dihydro-4H-chromen-4-one', '5117-01-1']"
511,"[2-[3-[(4-amino-2-methylpyrimidin-5-yl)methyl]-4-methyl-1,3-thiazol-3-ium-5-yl]ethoxy-hydroxyphosphoryl] phosphono hydrogen phosphate",19,"['Thiamine triphosphate', 'thiamin triphosphate', 'thiamine(1+) triphosphate', 'ThTP', '3475-65-8', 'CHEBI:9534', 'Thiamin triphosphic acid', '3-[(4-amino-2-methylpyrimidin-5-yl)methyl]-5-{2-[(hydroxy{[hydroxy(phosphonooxy)phosphoryl]oxy}phosphoryl)oxy]ethyl}-4-methyl-1,3-thiazol-3-ium', 'SCHEMBL675863', 'CHEMBL3307173', 'DTXSID90864613', 'ZINC8218065', 'AKOS030255120', '3-(4-amino-2-methyl-pyrimidin-5-ylmethyl)-4-methyl-5-(2-tetrahydroxytriphosphoryloxy-ethyl)-thiazolium betaine', 'C03028', 'Q27108430', '[2-[3-[(4-amino-2-methyl-pyrimidin-5-yl)methyl]-4-methyl-thiazol-3-ium-5-yl]ethoxy-hydroxy-phosphoryl] phosphono hydrogen phosphate', '3-[(4-amino-2-methylpyrimidin-5-yl)methyl]-5-[2-(triphosphooxy)ethyl]-4-methyl-1,3-thiazol-3-ium', 'V4E']"
29,2-amino-3-oxopropanoic acid,14,"['2-amino-3-oxopropanoic acid', '2-Formylglycine', 'alpha-formylglycine', '3-oxoalanine', 'alanon', 'a-Formylglycine', 'C-formylglycine', '3-oxo-(9CI)-Alanine', '2-amino-3-oxo-Propanoate', 'SCHEMBL25955', '2-amino-3-oxo-Propanoic acid', 'amino-(8CI)Malonaldehydic acid', 'CHEBI:17740', 'Q27102573']"
513,"3-hydroxybutane-1,2,3-tricarboxylic acid",18,"['3-hydroxybutane-1,2,3-tricarboxylic acid', 'threo-alpha-Methylisocitrate', 'alpha-Methylisocitrate', '3-Carboxy-2,3-dideoxy-4-C-methylpentaric acid', '6061-95-6', 'DL-threo-alpha-Methylisocitrate', '3-Hydroxy-1,2,3-butanetricarboxylate', 'd.l-methylisocitrate', 'methyl isocitric acid', 'DL-Methylisocitric acid', '(2R,3S)2-methylisocitrate', 'SCHEMBL321093', 'UNII-8518EC1Z2E', 'DTXSID20976051', 'CHEBI:142525', '8518EC1Z2E', '3-hydroxy-1,2,3-Butanetricarboxylic acid', '1,2,3-Butanetricarboxylic acid, 3-hydroxy-']"
473,4-methylsulfanyl-2-oxobutanoic acid,70,"['4-Methylthio-2-oxobutanoic acid', '583-92-6', '4-(Methylsulfanyl)-2-oxobutanoic acid', '2-keto-4-methylthiobutyric acid', 'alpha-Ketomethionine', '4-methylthio-2-oxobutanoate', '2-oxo-4-methylthiobutanoate', '4-(Methylthio)-2-oxobutanoic acid', '4-methylsulfanyl-2-oxobutanoic acid', '4-Methylmercapto-2-oxobutyrate', 'gamma-Methiol-keto-butyric acid', '2-Oxo-4-thiomethylbutyric acid', 'alpha-Keto-gamma-methiolbutyrate', 'S-Methyl-alpha-ketobutyric acid', '2-oxo-4-methylthiobutanoic acid', '4-Methylthio-2-ketobutyric acid', 'alpha-Oxo-gamma-methylthiobutyric acid', 'Butanoic acid, 4-(methylthio)-2-oxo-', 'CHEBI:33574', '2-oxo-4-methylthio-butanoic acid', '4-(Methylthio)-2-oxobutyric acid', '2-keto-4-methylthiobutyrate', '2-oxomethionine', 'alpha-Oxomethionine', 'ketomethiobutyrate', '2-ketomethiobutyrate', 'KMTB', '286060413U', '4-methylthio-2-oxobutyrate', '4-methylthio-2-ketobutyrate', '4-methylthio-2-ketobutanoate', '2-Ketothiomethylbutyric acid', '2-Keto-4-thiomethylbutyrate', 'KMT', '2-Keto-4-methylthiobutanoic acid', '4-methylthio-2-oxobutyric acid', '4-(methylthio)-2-oxo-butanoic acid', 'UNII-286060413U', 'ketomethiobutyric acid', 'keto-4-methylthiobutyrate', '.ALPHA.-KETOMETHIONINE', 'alpha-Keto-methiolbutyric acid', 'SCHEMBL126896', 'CHEMBL1233860', '4-Methylthio-2-ketobutanoic acid', 'DTXSID50207027', '2-oxo-4-(methylthio)butyric acid', 'BDBM154571', '2-keto-4-(methylthio)butyric acid', '4-Methylmercapto-2-oxobutyric acid', '4-(methyl thio)-2-oxobutyric acid', 'ZINC1532883', 'Butanoic acid, 4-methylthio-2-oxo-', 'LMFA01060170', '4-methylsulfanyl-2-oxo-butanoic acid', 'AKOS006222790', 'Butyric acid, 4-(methylthio)-2-oxo-', 'DB02238', '4-Methylthio 2-oxobutyric acid (MTOB)', '4-(Methylsulfanyl)-2-oxobutanoic acid #', '.ALPHA.-KETO-METHYLTHIOBUTYRIC ACID', '2-OXO-4-(METHYLTHIO)BUTANOIC ACID', 'C01180', '.ALPHA.-KETO-4-(METHYLTHIO)BUTYRIC ACID', 'EN300-1600874', '.ALPHA.-KETO-.GAMMA.-(METHYLTHIO)BUTYRIC ACID', 'Q27093278', '.ALPHA.-OXO-.GAMMA.-(METHYLTHIO)-N-BUTYRIC ACID', 'BDBE5218-EF11-4F3E-94DD-6891BAC49A24', 'BUTYRIC ACID, .GAMMA.-METHYLMERCAPTO-.ALPHA.-OXO-']"
499,5-oxopyrrolidine-2-carboxylic acid,78,"['DL-Pyroglutamic acid', '149-87-1', '5-Oxopyrrolidine-2-carboxylic acid', '2-Pyrrolidone-5-carboxylic acid', '5-Oxo-DL-proline', 'DL-Proline, 5-oxo-', 'DL-2-Pyrrolidone-5-carboxylic acid', 'DL-Glutamic Acid Lactam', 'dl-pyrrolidonecarboxylic acid', '6VT1YZM21H', 'CHEBI:16010', 'Pyr-OH', 'NSC-40887', 'DL-Pidolic acid', '16891-48-8', 'UNII-6VT1YZM21H', '2-pyrrolidone-5-carboxylicacid', 'MFCD00066212', 'DL-5-Oxoproline', '5-Oxoproline #', 'DL-Pyroglutamicacid', '5-OXO-2-PYRROLIDINECARBOXYLIC ACID', 'EINECS 205-748-3', 'MFCD00064322', 'NSC 40887', 'D,L-pyroglutamic acid', 'H-DL-Pyr-OH', '(+/-)-pyroglutamic acid', 'PIDOLIC ACID, DL-', 'SCHEMBL15791', 'MLS001304098', 'PYROGLUTAMIC ACID, DL-', 'CHEMBL284718', 'GTPL4703', 'DTXSID80859174', 'PROLINE, 5-OXO-, DL-', 'HMS2269D08', 'HMS3372F13', 'ALBB-006003', 'GLP', 'NSC40887', '5-oxo-pyrrolidine-2-carboxylic acid', 'BBL011576', 'NSC143034', 'STK290904', 'DL-2-Pyrrolidinone-5-carboxylic acid', 'AKOS000119789', 'AKOS016338215', 'CS-W013454', 'HY-W012738', 'PB42767', 'PS-6138', '2-Pyrrolidone-5-carboxylic acid, 99%', '(+/-)-2-pyrrolidone-5-carboxylic acid', 'NCGC00263467-03', 'SMR000112493', 'SY002490', 'DB-043022', 'DB-049588', 'AM20080373', 'BB 0241896', 'FT-0605097', 'FT-0613406', 'FT-0628008', 'G0061', 'EN300-19515', 'D77751', '(^+)-2-Pyrrolidinone-5-carboxylic acid, 99%', 'AB00443776-07', 'A808971', 'SR-01000830710', 'Q-100175', 'SR-01000830710-3', 'Q27887010', '5-oxopyrrolidine-2-carboxylic acid;DL-Pyroglutamic acid', 'F2190-0001', 'Z104474096', '2027729E-091C-4F23-87AA-2D40D8A5C67C']"
466,"[3,4,5-trihydroxy-6-(hydroxymethyl)oxan-2-yl] dihydrogen phosphate",23,"['1-O-phosphonohexopyranose', 'Hexose 1-phosphate', 'NSC44138', 'NSC-44138', '210100-25-7', 'hexose 1-phosphates', 'a-d-galactose-1-phosphate', 'GLUCOSE-L-PHOSPHATE', 'SCHEMBL721178', 'glucose-1-(dihydrogenphosphate)', 'CHEBI:24588', 'DTXSID20861599', '[(3s,4s,5r,6r)-3,4,5-trihydroxy-6-(hydroxymethyl)oxan-2-yl]oxyphosphonic acid', 'a-L-galactose-1-phosphate disodium salt', '63779-58-8', 'NCI60_004022', 'FT-0622141', 'FT-0770405', 'C01002', 'FA7B7606-D8E0-42AD-BE0E-7660D1DD395D', '{[3,4,5-trihydroxy-6-(hydroxymethyl)oxan-2-yl]oxy}phosphonic acid', '2-(Hydroxymethyl)tetrahydro-2H-pyran-3,4,5,6-tetraol 6-phosphate', '6799-01-5']"
472,"4-(2-aminophenyl)-2,4-dioxobutanoic acid",11,"['4-(2-aminophenyl)-2,4-dioxobutanoic acid', '4-(2-aminophenyl)-2,4-dioxobutanoate', 'C01252', 'o-Aminobenzoylbrenztraubensaure', 'SCHEMBL2509942', 'CHEBI:17442', 'DTXSID501018071', '4-(2-aminophenyl)-2,4-dioxo-butanoate', '4-(2-aminophenyl)-2,4-dioxo-butanoic acid', 'Q27102401', '3EE']"
73,[5-(6-aminopurin-9-yl)-4-hydroxy-2-(phosphonooxymethyl)oxolan-3-yl] dihydrogen phosphate,8,"[""adenosine-3',5'-bisphosphate"", 'CHEMBL416789', 'SCHEMBL15498428', 'DTXSID90862518', 'BDBM50062279', ""Adenosine-3',5'-bisphosphate (pAp)"", '9-(3,5-Di-O-phosphonopentofuranosyl)-9H-purin-6-amine', 'Phosphoric acid mono-[5-(6-amino-purin-9-yl)-4-hydroxy-2-phosphonooxymethyl-tetrahydro-furan-3-yl] ester']"
3,"5,6-dihydroxycyclohexa-1,3-diene-1-carboxylic acid",9,"['5,6-dihydroxycyclohexa-1,3-diene-1-carboxylic acid', '100459-00-5', '2,3-dihydroxy-2,3-dihydrobenzoic acid', '2,3-dihydro-2,3-dihydroxybenzoic acid', 'SCHEMBL638361', 'CHEBI:15941', 'DTXSID30274252', '2,4-Cyclohexadiene-1-carboxylicacid,1,6-dihydroxy-,(1R,6S)-rel', 'Q27098309']"
66,"2,5-dichlorophenol",59,"['2,5-dichlorophenol', '583-78-8', 'Phenol, 2,5-dichloro-', '2,5-DCP', '2,5-dichloro-phenol', '3,6-dichlorophenol', '3B11G9AKBA', 'CHEBI:27929', 'NSC-6296', 'MFCD00002174', 'DSSTox_CID_5003', 'DSSTox_RID_77621', 'DSSTox_GSID_25003', 'CAS-583-78-8', 'CCRIS 5903', 'HSDB 4287', 'NSC 6296', 'EINECS 209-520-4', 'UNII-3B11G9AKBA', 'DICHLOROPHENOL-2,5', 'BRN 1907692', '2,5-dichloro phenol', 'bmse000673', 'EC 209-520-4', '2,5-Dichlorophenol, 98%', '4-06-00-00942 (Beilstein Handbook Reference)', 'BIDD:ER0560', 'SCHEMBL177878', 'DICHLOROPHENOL, 2,5-', 'CHEMBL1565192', 'DTXSID7025003', 'NSC6296', 'ZINC388512', '2,5-DICHLOROPHENOL [HSDB]', '2,5-DICHLOROPHENOL PESTANAL', 'Tox21_201889', 'Tox21_303053', 'STL283946', 'AKOS000120929', '2,5-Dichlorophenol (ACD/Name 4.0)', 'CS-W004071', '2,5-Dichlorophenol, analytical standard', 'NCGC00091138-01', 'NCGC00091138-02', 'NCGC00091138-03', 'NCGC00257078-01', 'NCGC00259438-01', 'AC-10424', 'DB-053197', 'D0393', 'FT-0610322', 'EN300-20748', '2,5-Dichlorophenol 100 microg/mL in Methanol', 'C06602', '2,5-Dichlorophenol, purum, >=98.0% (HPLC)', 'W-105392', '2,5-Dichlorophenol, PESTANAL(R), analytical standard', 'Q13427538', 'F0001-1524']"
72,"3,4-dihydroxybenzoic acid",97,"['3,4-DIHYDROXYBENZOIC ACID', 'protocatechuic acid', '99-50-3', '4-Carboxy-1,2-dihydroxybenzene', 'Protocatehuic acid', 'protocatechuate', 'Benzoic acid, 3,4-dihydroxy-', '4,5-Dihydroxybenzoic acid', '3,4-Dihydroxybenzoicacid', 'protocatechuicacid', 'MFCD00002509', 'Catechol-4-carboxylic Acid', 'CCRIS 6291', '3, 4-Dihydroxybenzoic acid', 'CHEMBL37537', 'MLS000737807', '36R5QJ8L4B', 'EINECS 202-760-0', 'CHEBI:36062', 'NSC 16631', 'BRN 1448841', 'NSC-16631', '1ykp', '3,4-Dihydroxy Benzoic Acid', 'NSC16631', 'DB03946', 'SMR000528167', 'UNII-36R5QJ8L4B', 'C00230', 'D-3487', 'Hypogallic acid', 'b-Resorcylate', 'beta-Resorcylate', 'b-resorcylic acid', '4fht', 'Protacatechuic Acid', 'ZINCSELENITE', 'Carbohydroquinonic acid', 'cid_72', 'Protocatechuic Acid,(S)', 'PROTOCATECHOIC ACID', 'DSSTox_CID_1212', 'Protocatechuic acid (M1)', 'bmse000328', '3,4-dihydroxy-benzoic acid', 'DSSTox_RID_76012', 'DSSTox_GSID_21212', 'SCHEMBL39435', '3,4-Dihydroxybenzoate, VIII', 'Pyrocatechol-4-carboxylic Acid', 'DTXSID4021212', 'FEMA NO. 4430', 'PROTOCATECHUIC ACID [MI]', 'ZINC13246', 'PROTOCATECHUIC ACID (PCA)', 'HMS2270A17', 'KUC104409N', 'ACT07872', 'HY-N0294', 'Tox21_200167', 'BBL012232', 'BDBM50100861', 'DIHYDROXYBENZOIC ACID, 3,4-', 's3975', 'STL163570', 'AKOS000119632', 'AC-9617', 'CCG-207950', 'CS-6092', 'KSC-10-128', 'CAS-99-50-3', 'NCGC00246757-01', 'NCGC00246757-02', 'NCGC00257721-01', '3,4-DIHYDROXYBENZOIC ACID [INCI]', 'AS-10808', 'SY014104', 'DB-021903', 'AM20060767', 'FT-0600028', '3,4-Dihydroxybenzoic acid, >=97.0% (T)', 'EN300-21544', '3,4-Dihydroxybenzoic acid, analytical standard', 'F11285', '3,4-dihydroxybenzoate;3,4-Dihydroxybenzoic acid', '002D509', 'A846038', 'AE-562/40524392', 'DROXIDOPA METABOLITE (PROTOCATECHOIC ACID)', 'Q418599', '976C8CCE-B25D-4E0A-9A6F-3CEEA7A6964F', 'Z104501142', '3,4-Dihydroxybenzoic acid, Vetec(TM) reagent grade, 97%', 'Protocatechuic acid, primary pharmaceutical reference standard', 'PROTOCATECHOIC ACID (CONSTITUENT OF MARITIME PINE) [DSC]', 'Protocatechuic acid, United States Pharmacopeia (USP) Reference Standard', '1225528-47-1']"
58,2-oxobutanoic acid,97,"['2-oxobutanoic acid', '2-ketobutyric acid', '2-oxobutyric acid', '600-18-0', 'alpha-ketobutyric acid', 'BUTANOIC ACID, 2-OXO-', '3-Methylpyruvic acid', 'Ketobutyrate', 'Propionylformic acid', 'Butyric acid, 2-oxo-', '2-Ketobutanoic acid', '2-oxobutyrate', 'Pyruvic acid, methyl-', 'Formic acid, propionyl-', 'alpha-Oxo-n-butyric acid', 'alpha-oxobutyric acid', '2-Oxo-n-butyric acid', '3-methyl pyruvic acid', 'alpha-ketobutyrate', '2-oxo-butyrate', '2-oxo-Butyric acid', '2-oxo-butanoic acid', 'alpha-Ketobutric acid', 'FEMA No. 3723', '.alpha.-Oxobutyric acid', '.alpha.-Ketobutyric acid', '2-keto-butyrate', 'alpha-Keto-n-butyric acid', '.alpha.-Oxo-n-butyric acid', '2-Ketobutanoate', '.alpha.-Ketobutric acid', 'NSC 60533', 'B92RB6HY1A', '.alpha.-Keto-n-butyric acid', 'Butyric acid, 2-oxo- (8CI)', 'CHEBI:30831', 'Butanoic acid, 2-oxo- (9CI)', 'MFCD00004164', 'NSC-60533', 'a-Ketobutyric acid', '2KT', 'UNII-B92RB6HY1A', 'oxobutyric acid', 'a-Ketobutyrate', 'a-Oxobutyrate', 'propionyl-formate', '3-Methylpyruvate', '2-oxobutanoicacid', '2-Oxo-Butanoate', 'a-Oxobutyric acid', 'a-Oxo-n-butyrate', 'a-keto-n-Butyrate', '2-Oxo-n-butyrate', 'methyl pyruvic acid', 'methyl-Pyruvic acid', 'EINECS 209-986-9', '.alpha.-Oxobutyrate', '2-keto-butyric acid', 'propionyl-formic acid', 'alpha-Oxo-n-butyrate', 'alpha-Keto-n-butyrate', 'a-Oxo-n-butyric acid', 'alpha-Oxobutanoic acid', 'a-keto-n-Butyric acid', '2-Oxobutanoic acid #', '4b5t', 'bmse000325', '2-Ketobutyric acid, 97%', 'SCHEMBL24128', 'CHEMBL171246', '.ALPHA.-OXOBUTANOIC ACID', 'DTXSID9060524', '2-OXOBUTYRIC ACID [FHFI]', '2-Oxobutyric acid, >=95%, FG', 'NSC60533', 'ZINC1532540', 'LMFA01060002', 's6329', 'AKOS005207091', '2-Oxobutyric acid, analytical standard', 'AM90224', 'CS-W007926', 'DB04553', 'HY-W007926', 'PB43133', 'DS-14641', 'SY011034', 'DB-000166', '2-Oxobutyric acid, purum, >=97.0% (T)', 'FT-0612731', 'O0364', 'C00109', 'K-1650', 'O10846', 'A904502', 'Q209457', '35DB7B81-3F44-4D6F-9E8B-C0F8B751D3AD']"
64,"2,5-dichlorocyclohexa-2,5-diene-1,4-diol",13,"['2,5-dichloro-2,5-cyclohexadiene-1,4-diol', '2,5-dichlorocyclohexa-2,5-diene-1,4-diol', '1,4-Dihydroxyl-2,5-dichloro-2,5-cyclohexadiene', '2,5-DDOL', 'AC1L18ED', 'SureCN2693689', '25-DDOL', 'SCHEMBL2693689', 'CHEBI:28975', 'c0543', '2,5-dichlorocyclohexa-2,5-dien-1,4-diol', 'C06599', 'Q61041493']"
1,3-acetyloxy-4-(trimethylazaniumyl)butanoate,35,"['Acetyl-DL-carnitine', 'acetylcarnitine', 'DL-O-Acetylcarnitine', 'DL-Acetylcarnitine', '14992-62-2', '3-acetyloxy-4-(trimethylazaniumyl)butanoate', 'Acetyl carnitine', '3-(acetyloxy)-4-(trimethylazaniumyl)butanoate', '07OP6H4V4A', '1-Propanaminium, 2-(acetyloxy)-3-carboxy-N,N,N-trimethyl-, inner salt', 'Ammonium, (3-carboxy-2-hydroxypropyl)trimethyl-, hydroxide, inner salt, acetate, DL-', 'UNII-07OP6H4V4A', '(+/-)-acetylcarnitine', 'bmse000142', 'ACETYLCARNITINE, DL-', 'SCHEMBL69781', 'O-ACETYL-DL-CARNITINE', '870-77-9', 'ACETYLCARNITINE DL-FORM', 'DTXSID2048117', 'CHEBI:73024', 'ACETYLCARNITINE, (+/-)-', 'ACETYLCARNITINE RACEMATE [MI]', 'LMFA07070060', '1-Propanaminium, 2-(acetoxy)-3-carboxy-N,N,N-trimethyl-, hydroxide, inner salt, (+-)-', 'AS-82719', 'HY-126358', '3-(acetyloxy)-4-(trimethylammonio)butanoate', 'CS-0102945', 'FT-0778235', 'Q27140241', '2-(ACETYLOXY)-3-CARBOXY-N,N,N-TRIMETHYL-1-PROPANAMINIUM INNER SALT', '(3-CARBOXY-2-HYDROXYPROPYL)TRIMETHYLAMMONIUM HYDROXIDE INNER SALT ACETATE', 'AMMONIUM, (3-CARBOXY-2-HYDROXYPROPYL)TRIMETHYL-, HYDROXIDE, INNER SALT, ACETATE', '1-Propanaminium, 2-(acetoxy)-3-carboxy-N,N,N-trimethyl-, hydroxide, inner salt, (+-)- (9CI)']"
70,4-methyl-2-oxopentanoic acid,87,"['4-methyl-2-oxopentanoic acid', '4-Methyl-2-oxovaleric acid', '816-66-0', 'alpha-Ketoisocaproic acid', 'Ketoleucine', '2-Oxoisocaproate', 'alpha-ketoisocaproate', 'Pentanoic acid, 4-methyl-2-oxo-', '2-OXO-4-METHYLPENTANOIC ACID', '2-Oxoisocaproic acid', '4-methyl-2-oxopentanoate', '.alpha.-Ketoisocaproic acid', '2-Oxoisohexanoate', 'alpha-oxoisocaproate', 'alpha-Oxoisohexanoate', '4-methyl-2-oxo-pentanoic acid', '2-Oxoleucine', '2-KETOISOCAPROIC ACID', 'Isopropylpyruvic acid', 'a-Ketoisocaproic acid', '2-ketoisocaproate', '2-oxo-4-methylpentanoate', '2-keto-4-Methylvaleric acid', '2-Keto-4-methylpentanoic acid', '4GUJ8AH400', 'CHEMBL445647', 'CHEBI:48430', 'ketoisocaproate', '2-keto-4-methyl-pentanoate', 'MFCD00066204', '2-keto-4-Methylvalerate', 'alpha-keto-isocaproic acid', '2-Oxo-4-methylvaleric acid', 'oxoisocaproate', 'UNII-4GUJ8AH400', 'a-Oxoisocaproate', 'Methyloxovalerate', 'a-Ketoisocaproate', 'oxoisocaproic acid', 'a-Ketoisocapronate', 'ketoisocaproic acid', 'EINECS 212-435-5', 'methyloxovaleric acid', 'a-Oxoisocaproic acid', 'alpha-Ketoisocapronate', 'alpha-keto-isocaproate', 'a-Ketoisocapronic acid', '4h7q', 'alpha-Oxoisocaproic acid', '2-Oxo-4-methylvalerate', 'alpha-Ketoisocapronic acid', '4-methyl-2-oxo-Valerate', 'bmse000383', '4-methyl-2-oxopentanoicacid', '2K-4CH3-PENTANOATE', 'SCHEMBL43491', '4-methyl,2-oxopentanoic acid', '2-Methyl-5-oxopentanoic acid', '4-methyl-2-oxo-Valeric acid', '4-methyl-2-oxo pentanoic acid', 'GTPL4656', 'DTXSID6061157', '4-Methyl-2-oxopentanoic acid #', 'STR07443', 'ZINC1532578', 'BDBM50390988', 's2987', 'AKOS009157216', 'CS-W013438', 'DB03229', 'HY-W012722', 'NCGC00246997-01', 'NCGC00246997-02', 'AC-15579', 'DB-056548', 'FT-0619014', 'K0025', '4-Methyl-2-oxovaleric acid, >=98.0% (T)', 'C00233', 'D82408', 'EN300-182826', '816K660', 'A840181', 'Q622421', 'W-104201', 'FC872D44-3E9A-431D-9F84-6FEF64BFEF19', 'Z975823226']"
563,3-methylsulfanylpropanoic acid,49,"['3-(Methylthio)propionic acid', '646-01-5', '3-methylthiopropionate', '4-Thiapentanoic acid', '3-(Methylthio)propanoic acid', 'Propanoic acid, 3-(methylthio)-', '3-methylsulfanylpropanoic acid', '3-(Methylsulfanyl)propanoic acid', '3-methylthiopropionic acid', 'Propanoic acid 3-(methylthio)-', 'Propionic acid, 3-(methylthio)-', '3-Methythiopropionic acid', '3-methyl-thiopropionic acid', '3-methylsulfanylpropionic acid', 'CHEBI:1438', 'F523ALI47D', '3-Methylsulfanyl-Propionic Acid', '3-(Methylmercapto)propionic Acid', '3-(methyl-sulfanyl)-propanoic acid', '3-(methylsulfanyl)propanoate', '3-(methylthio)propanoate', 'UNII-F523ALI47D', '4-Thiapentanoate', 'EINECS 211-460-9', '3-METHYLTHIOPROPIONA', '3(methylthio)propanoic acid', '3-(Methylthio)propionicacid', '3-(Methythio)propionic acid', 'SCHEMBL342851', 'CHEMBL116212', 'DTXSID70862354', '3-(Methylsulfanyl)propanoic acid #', 'ZINC1531044', 'LMFA01130006', 'MFCD00059635', 's6341', 'AKOS000202219', 'CS-6296', '3-(METHYLMERCAPTO)PROPANOIC ACID', 'AS-10364', 'HY-101401', 'FT-0613814', 'M0811', 'EN300-16207', 'C08276', 'D87669', 'Q27105456', 'Z54719251', 'A8C']"
71,2-oxohexanedioic acid,48,"['2-Oxoadipic acid', '2-Oxohexanedioic acid', '3184-35-8', 'alpha-Ketoadipic acid', '2-oxoadipate', 'Oxoadipic acid', 'Hexanedioic acid, 2-oxo-', '2-Ketoadipic acid', '2-Oxo-hexanedioic acid', '2-ketoadipate', 'alpha-Oxoadipic acid', 'Oxoadipate', '2-keto-adipate', '2-oxohexanedionic acid', '.alpha.-Ketoadipic acid', 'BB72FKL1M2', 'alpha-ketoadipate', 'a-oxoadipic acid', 'a-Ketoadipic acid', 'UNII-BB72FKL1M2', 'a-Ketoadipate', 'a-Oxoadipate', 'alpha-ketodipate', 'alpha-Oxoadipate', '2-OXOADIPIC ACID, 98', '2-Oxo-hexanedioate', 'OOG', '2-Oxohexanedioicacid', 'alpha-keto-adipic acid', '2-Oxohexanedioic acid #', 'SCHEMBL27768', '.ALPHA.-OXOADIPIC ACID', 'GTPL4657', 'HEXANEDIOIC ACID,2-OXO-', 'CHEBI:15753', 'FGSBNBBHOZHUBO-UHFFFAOYSA-', 'DTXSID20185702', 'ZINC1532613', 'LMFA01170121', 'AKOS006230506', '2-Oxoadipic acid, >=95.0% (HPLC)', 'AS-57416', 'DS-016470', 'HY-113227', 'CS-0059355', 'Hexanedioic acid, 2-oxo- (7CI,8CI,9CI)', 'C00322', 'Q2823207']"
65,"2,5-dichlorobenzene-1,4-diol",40,"['2,5-dichlorohydroquinone', '824-69-1', '2,5-dichlorobenzene-1,4-diol', '1,4-Benzenediol, 2,5-dichloro-', '2,5-Dichloro-p-hydroquinone', 'Hydroquinone, 2,5-dichloro-', '2,5-Dichloro-p-benzohydroquinone', '2,5-DCHQ', '2,5-Dichloro-1,4-hydroquinone', '2,5-Dichloro-1,4-dihydroxybenzene', '2,5-Dichloro-1,4-benzenediol', '2,5-dichlorohydroquinol', '2,5-dichloro-p-quinol', 'D489X4TQVD', '1,4-dihydroxy-2,5-dichlorobenzene', 'NSC-48667', 'CCRIS 5677', 'EINECS 212-533-8', 'MFCD00041749', 'NSC 48667', 'UNII-D489X4TQVD', '2,4-hydroquinone', '2,4-dihydroxybenzene', '2.5-Dichlorohydroquinone', 'Hydroquinone,5-dichloro-', 'bmse000661', 'SCHEMBL48305', 'DTXSID4061179', '2,5-Dichlorohydroquinone, 98%', 'CHEBI:27545', 'ZINC403237', 'NSC48667', 'STL301456', 'AKOS015889031', 'AS-77070', 'CS-0364968', 'FT-0610314', 'A21100', 'C06600', 'Q27103188']"
59,3-hydroxy-2-phosphonooxypropanoic acid,32,"['2-phosphoglyceric acid', '2-phosphoglycerate', 'glycerate 2-phosphate', '2553-59-5', 'DL-2-Phosphoglycerate', '3-hydroxy-2-phosphonooxypropanoic acid', '2-P-glycerate', '23295-92-3', '2-P-D-glycerate', '3-hydroxy-2-(phosphonooxy)propanoic acid', '2-Phospho-DL-glyceric acid', 'Glyceric acid 2-phosphate', 'L-2-Phosphoglyceric acid disodium salt hydrate', 'Glyceric acid-2-phosphate', 'D-2-phosphoglycerate', '2-P-glyceric acid', '2-P-D-glyceric acid', 'SCHEMBL77985', 'CHEBI:24344', 'DTXSID20948430', '2-(dihydrogen phosphate)Glycerate', '3-Hydroxy-2-phosphonooxypropanoate', '(?)-2-O-Phosphono-L-glyceric acid', '2-(dihydrogen phosphate)Glyceric acid', 'L-2-Phosphoglyceric acid disodium salt h', 'Propanoic acid, 3-hydroxy-2-(phosphonooxy)', 'Propanoic acid, 3-hydroxy-2-(phosphonooxy)-', 'Glyceric acid, 2-(dihydrogen phosphate) (8CI)', 'Q209469', 'Propanoic acid, 3-hydroxy-2-(phosphonooxy)- (9CI)', 'D60B5ED3-6117-4D39-B1A5-E346FCBBC78C', 'L-Glycerate2-phosphatedisodiumsalt,disodiuml-2-phosphoglycerate']"
4,1-aminopropan-2-ol,117,"['1-Aminopropan-2-ol', '1-AMINO-2-PROPANOL', '78-96-6', 'Isopropanolamine', 'Monoisopropanolamine', 'Amino-2-propanol', 'Threamine', '2-Propanol, 1-amino-', '2-Hydroxypropylamine', 'Mipa', '1-Methyl-2-aminoethanol', 'DL-1-Amino-2-propanol', '2-Hydroxypropanamine', '2-Amino-1-methylethanol', '1-Amino-2-hydroxypropane', '2-Hydroxy-1-propylamine', '(+/-)-1-Amino-2-propanol', 'Mono-iso-propanolamine', 'alpha-Aminoisopropyl alcohol', '1-amino-propan-2-ol', '(RS)-1-amino-2-propanol', '.alpha.-Aminoisopropyl alcohol', 'CCRIS 2284', '(RS)-1-Amino-2-hydroxypropane', 'HSDB 5224', '(+/-)-Isopropanolamine', '2-Hydroxy-1-propanamine', 'AI3-14653', 'NSC 3188', 'beta-Aminoisopropanol', 'D-1-amino-2-propanol', 'D-1-aminopropan-2-ol', 'UE40BY1BZW', 'CHEBI:19030', 'DL-Isopropanolamine', 'NSC-3188', '2-Propanol, 1-amino- (8CI,9CI)', '1674-56-2', '2-Propanol, 1-amino-, (.+/-.)-', 'EINECS 201-162-7', 'UNII-UE40BY1BZW', 'MFCD00008139', 'BRN 0605275', '2-Propanol, 1-amino-, (R)-', '2-Propanol, 1-amino-, (S)-', 'MFCD00064428', 'Aminopropan-2-ol', '1-amino-2 propanol', '3-amino-2-propanol', '3-aminopropan-2-ol', '2-hydroxy-propylamine', '2-hydroxypropyl-amine', '1-Aminoisopropylalcohol', '1-Aminopropanol-(2)', '1-amino-propane-2-ol', '1-Amin-iso-proylalcohol', 'rac-1-amino-2-propanol', '2-hydroxy-1-aminopropane', 'DSSTox_CID_1764', 'Amino-2-propanol, 93%', 'bmse000305', 'EC 201-162-7', '(rac)-1-amino-2-propanol', 'racemic 1-amino-2-propanol', '1-amino-2(R,S)-propanol', 'DSSTox_RID_76313', 'WLN: Z1YQ1', 'DSSTox_GSID_21764', '(2rs)-1-amino-2-propanol', '1-amino-2-Hydroxypropanamine', '(+-)-1-amino-2-propanol', '4-04-00-01665 (Beilstein Handbook Reference)', '(2RS) 1-amino-2-propanol', '2-hydroxy-2-methyl-ethylamine', 'ISOPROPANOLAMINE [INCI]', 'CHEMBL326602', 'DTXSID9021764', 'FEMA NO. 3965', 'NSC3188', '(.+/-.)-1-Amino-2-propanol', 'ACT02864', 'BCP08083', '1-AMINO-2-PROPANOL [FHFI]', '1-AMINO-2-PROPANOL [HSDB]', 'Tox21_301704', 'BBL027685', 'DL-1-Amino-2-propanol, >=90%', 'STL308732', 'AKOS000120495', 'AKOS016042334', 'CS-W016685', 'HY-W015969', 'SB44651', 'SB44696', 'SB83757', '(2-HYDROXY-2-METHYLETHYL)AMINE', 'CAS-78-96-6', 'NCGC00257540-01', '1-AMINO-2-PROPANOL, (+/-)-', 'SY002691', 'DB-013106', 'A0406', 'A1229', 'A5358', 'AM20100779', 'FT-0605031', 'FT-0605237', 'FT-0625381', 'EN300-20160', 'C05771', '(+/-)-1-Amino-2-propanol, analytical standard', 'Q161580', 'J-660020', 'F2190-0369', 'Z104477092', '(?)-1-Amino-2-propanol, 94%, remainder 2-amino-1-propanol', '(^+)-1-Amino-2-propanol, 94%, remainder 2-amino-1-propanol']"
61,"2,3-diphosphonooxypropanoic acid",37,"['138-81-8', '2,3-diphosphoglycerate', '2,3-Bisphosphoglyceric acid', '2,3-diphosphonooxypropanoic acid', '2,3-Bisphosphoglycerate', '2,3-Diphosphoglyceric acid', '2,3-Dpg', 'Diphosphoglyceric acid', 'Propanoic acid, 2,3-bis(phosphonooxy)-', '2,3-Diphospho-D-glyceric acid', 'Glycerate 2,3-diphosphate', 'TZ4454O4YZ', 'CHEBI:28907', 'Glyceric acid, bis(dihydrogen phosphate)', 'Greenwald ester', '2,3-bis(phosphonooxy)propanoic acid', '2,3-BPG', 'UNII-TZ4454O4YZ', 'D-Glyceric acid bis(dihydrogen phosphate)', 'Diphosphoglycerinsaure', '2,3-Bisphospho-glycerate', '2,3-Bisphosphoglycericacid', 'SCHEMBL80335', 'Glyceric acid-2,3-diphosphate', 'CHEMBL144103', 'DTXSID10861801', 'GLYCERIC ACID, DIPHOSPHATE', 'Glyceric acid, diphosphate (6CI)', '2,3-Bis(dihydroxyphosphinyloxy)propionic acid', 'C03339', 'Glyceric acid, bis(dihydrogen phosphate) (8CI)', 'Propanoic acid, 2,3-bis(phosphonooxy)- (9CI)', 'Propanoic acid, 2,3-bis(phosphonooxy)-, (R)-', 'Q209155', 'Glyceric acid, bis(dihydrogen phosphate), D- (8CI)', 'Propanoic acid, 2,3-bis(phosphonooxy)-, (2R)- (9CI)', 'D197673E-606F-4637-BB24-A390C435FB9F']"
75,3-aminopropanal,17,"['3-Aminopropanal', '352-92-1', '3-Aminopropionaldehyde', 'Propanal, 3-amino-', 'beta-Aminopropion aldehyde', 'Propanal, 3-amino-(9CI)', 'ML707Y407U', 'UNII-ML707Y407U', 'omega-aminoaldehydes', 'CHEBI:18090', 'CHEBI:27390', 'DTXSID10188702', '.BETA.-AMINOPROPIONALDEHYDE', 'AKOS006341697', 'C05665', 'EN300-1692762', 'Q22984448']"
49,3-methyl-2-oxobutanoic acid,94,"['3-Methyl-2-oxobutanoic acid', '759-05-7', '3-methyl-2-oxo-butanoic acid', '2-Ketoisovaleric acid', '3-Methyl-2-oxobutyric acid', 'alpha-Ketoisovaleric acid', 'alpha-ketovaline', 'alpha-Ketoisovalerate', '2-oxoisovalerate', '2-Oxoisovaleric acid', 'Butanoic acid, 3-methyl-2-oxo-', 'Dimethylpyruvic acid', '2-ketovaline', '2-keto-3-methylbutyric acid', 'KETOVALINE', '3-methyl-2-oxobutanoate', 'Isopropylglyoxylic acid', '2-Oxo-3-methylbutanoic acid', '2-oxo-3-methylbutanoate', 'alpha-keto-isovaleric acid', 'alpha-oxoisovalerate', 'alpha-Oxoisovaleric acid', '2-oxoisopentanoate', '2-Oxo-3-methylbutyric acid', 'alpha-keto-valine', '3-methyl-2-oxo-Butyric acid', 'CHEMBL146554', 'alpha-oxo-beta-methylbutyricacid', 'CHEBI:16530', 'MFCD00040427', '34P71D50E0', 'a-ketoisovaleric acid', '2-Ketoisovalerate', 'KIV', '3-Methyl-2-oxobuttersaeure', 'Dimethylpyruvate', 'a-Oxoisovalerate', 'a-Ketoisovalerate', 'UNII-34P71D50E0', 'Isopropylglyoxylate', '(RS)-3-Methyl-2-oxobuttersaeure', 'a-keto-Isovalerate', 'EINECS 212-065-4', 'a-Oxoisovaleric acid', 'Valine, 2-oxo-', 'dimethyl pyruvic acid', '2-Ketoisvaleric acid', 'a-keto-Isovaleric acid', 'a-Oxo-b-methylbutyrate', 'a-keto-b-Methylbutyrate', '2-Oxo-3-methylbutyrate', '2-keto-3-Methylbutyrate', '3-Methyl-2-oxobutinoate', '2-Oxo-3-methyl-butyrate', '3-methyl-2-oxo-Butyrate', '3-methyl-2-oxo-Butanoate', 'a-Oxo-b-methylbutyric acid', 'bmse000101', '3-Methyl-2-oxobutanoicacid', 'a-keto-b-Methylbutyric acid', 'SCHEMBL42329', '3-Methyl-2-oxobutinoic acid', 'alpha-Oxo-beta-methylbutyrate', '2-OXO-ISOVALERIC ACID', 'alpha-keto-beta-Methylbutyrate', '3-methyl-2-oxo butanoic acid', 'DTXSID6061078', 'alpha-Oxo-beta-methylbutyric acid', '.ALPHA.-OXOISOVALERIC ACID', 'alpha-keto-beta-Methylbutyric acid', '.ALPHA.-KETOISOVALERIC ACID', 'ZINC1532553', 'FEMA NO. 3869, ACID-', '.ALPHA.-KETO-ISOVALERIC ACID', 'BDBM50390989', 'LMFA01020274', 's6148', 'AKOS006272906', 'CS-W006057', 'DB04074', 'DS-0555', 'HY-W006057', 'SY005235', 'DB-075036', '3-METHYL-2-OXOBUTANOIC ACID [FHFI]', 'ALPHA-KETOISOVALERIC ACID; KETOVALINE', 'FT-0616073', '.ALPHA.-OXO-.BETA.-METHYLBUTYRIC ACID', '3-METHYL-2-OXOBUTYRIC ACIDDISCONTINUED', 'C00141', 'EN300-142834', 'Q2823217', 'W-104383', '9131EA12-7229-4467-B548-60787FD0B557']"
567,phenylmercury,9,"['Phenylmercury', 'phenylmercury(.)', '16056-36-3', 'Mercury,phenyl', 'HgPh(.)', 'Mercury(1+), phenyl-', 'CHEBI:49819', 'DTXSID301047987', 'Q27104723']"
48,"5-amino-2,5-dioxopentanoic acid",18,"['alpha-Ketoglutaramate', '18465-19-5', '5-amino-2,5-dioxopentanoic acid', '2-Oxoglutaramic acid', '2-oxoglutaramate', '2-keto-glutaramic acid', '2-Ketoglutaramate', 'Pentanoic acid, 5-amino-2,5-dioxo-', '5-AMINO-2,5-DIOXO-PENTANOIC ACID', '4-carbamoyl-2-oxobutanoic acid', '2-keto-glutaramate', 'SCHEMBL1062796', '5-amino-2,5-dioxopentanoicacid', 'CHEBI:30882', 'DTXSID60171604', 'ZINC1532789', 'C00940', 'Q27104163']"
74,"S-[2-[3-[[4-[[[5-(6-aminopurin-9-yl)-4-hydroxy-3-phosphonooxyoxolan-2-yl]methoxy-hydroxyphosphoryl]oxy-hydroxyphosphoryl]oxy-2-hydroxy-3,3-dimethylbutanoyl]amino]propanoylamino]ethyl] 3-oxobutanethioate",4,"['3-oxobutanoyl-CoA', 'SCHEMBL4368632', 'DTXSID80862663', 'S-{1-[5-(6-Amino-9H-purin-9-yl)-4-hydroxy-3-(phosphonooxy)oxolan-2-yl]-3,5,9-trihydroxy-8,8-dimethyl-3,5,10,14-tetraoxo-2,4,6-trioxa-11,15-diaza-3lambda~5~,5lambda~5~-diphosphaheptadecan-17-yl} 3-oxobutanethioate (non-preferred name)']"
5,(3-amino-2-oxopropyl) dihydrogen phosphate,11,"['3-Amino-2-oxopropyl phosphate', '3-amino-2-oxopropyl dihydrogen phosphate', '(3-amino-2-oxopropyl) dihydrogen phosphate', '205189-34-0', '1-Amino-3-(phosphohydroxy)propan-2-one', '2-Propanone, 1-amino-3-(phosphonooxy)- (9CI)', 'CHEBI:1449', 'SCHEMBL1065797', 'DTXSID90274253', '2-propanone, 1-amino-3-(phosphonooxy)-', 'Q27105460']"
7,9-ethylpurin-6-amine,33,"['9-Ethyladenine', '9-ethyl-9h-purin-6-amine', '2715-68-6', '9H-Purin-6-amine,9-ethyl', '9H-Purin-6-amine, 9-ethyl-', '9-ethylpurin-6-amine', 'N9-Ethyladenine', '9-Ethyl-9H-purin-6-ylamine', 'Adenine, 9-ethyl-', '9-ethyl adenine', '9H-Purin-6-amine,9-ethyl-', 'CHEMBL304009', '9-Ethyl-9H-adenine', 'N9 -ethyladenine', '2EC', 'NSC 14580', '6-Amino-9-ethylpurine', '(9-ethylpurin-6-yl)amine', 'SCHEMBL1924594', 'DTXSID50181616', 'ZINC402896', 'CAA71568', 'NSC14580', 'BDBM50009681', 'MFCD00037989', 'NSC-14580', 'AKOS012922847', 'FD13051', 'AS-48885', 'HY-119413', 'CS-0068117', 'A877012', 'Q27452930']"
558,5-(diaminomethylideneamino)-2-oxopentanoic acid,27,"['2-oxoarginine', '3715-10-4', '5-carbamimidamido-2-oxopentanoic acid', 'alpha-Keto-delta-guanidinovaleric acid', '5-guanidino-2-oxopentanoic acid', '5-(DIAMINOMETHYLIDENEAMINO)-2-OXO-PENTANOIC ACID', '2-Oxo-5-guanidinovaleric acid', '5-(diaminomethylideneamino)-2-oxopentanoic acid', '5-[(diaminomethylidene)amino]-2-oxopentanoic acid', '2-Oxo-5-guanidinopentanoate', '2-Oxo-5-guanidino-pentanoate', '5-(diaminomethylideneamino)-2-oxopentanoate', 'C03771', 'd-Guanido-a-ketovaleric acid', 'd-Guanidino-a-oxovaleric acid', '5-Guanidino-2-oxo-pentanoate', 'SCHEMBL261608', 'a-keto-d-Guanidinovaleric acid', '5-guanidino-2-oxopentanoicacid', '5-Guanidino-2-oxovaleric acid', 'CHEBI:28116', 'DTXSID00190632', 'delta-Guanidino-alpha-oxovaleric acid', 'alpha-keto-delta-guanidinopentanoic acid', 'Q27103511', 'Z1262513238', 'NWG']"
564,6-aminohexanoic acid,306,"['6-aminohexanoic acid', '6-Aminocaproic acid', 'aminocaproic acid', '60-32-2', 'amicar', 'EACA', 'Hexanoic acid, 6-amino-', 'Epsikapron', 'Epsilcapramin', 'Capramol', 'Caprocid', 'Epsamon', 'Acepramin', 'Acepramine', 'Caprolisin', 'Epsicapron', 'Hemocaprol', 'Respramin', 'Amikar', 'Hepin', 'EPSILON-AMINOCAPROIC ACID', 'Aminokapron', 'Caplamin', 'Capracid', 'Afibrin', 'Atsemin', 'Hemopar', 'Ipsilon', 'Epsilon S', 'Aminocaproic', 'Capralense', 'EACS', 'epsilon-Leucine', 'omega-Aminocaproic acid', 'epsilcapramine', 'epsilon-Norleucine', '6-Amino-n-hexanoic acid', 'epsilon-Aminohexanoic acid', 'omega-Aminohexanoic acid', '6-amino-hexanoic acid', 'Capranol', 'Eaca kabi', 'Aminohexanoic acid', 'epsilon Aminocaproic Acid', 'epsilon-Amino-n-hexanoic acid', 'Epsilon-aminocapronzuur', 'Acido aminocaproico', 'Epsilon-Aminocapronsaeure', 'CL 10304', 'Acidum aminocaproicum', 'CY 116', 'CY-116', 'NSC-26154', '6-aminohexanoate', 'epsilon-Amino-n-caproic acid', '177 J.D.', 'Acide aminocaproique [French]', 'Acidum aminocaproicum [Latin]', 'epsilon-aminocaproate', '.epsilon.-Aminocaproic acid', 'Amicar (TN)', 'Acido aminocaproico [DCIT,Spanish]', 'MFCD00008238', 'Kyselina omega-aminokapronova [Czech]', '1319-82-0', 'ACS', 'NSC 26154', 'HEXANOIC ACID,6-AMINO', '6-amino-n-caproic acid', '.epsilon.-Norleucine', '6-amino caproic acid', 'epsilon-Aminocaproic acid (JAN)', 'H-Acp-OH', 'e-amino-n-caproic acid', 'CY116', '.omega.-Aminocaproic acid', '.omega.-Aminohexanoic acid', 'NSC-400230', '177 J.D', '.epsilon.-Aminohexanoic acid', 'CL-10304', 'CHEBI:16586', '.epsilon. S', '.epsilon.-Leucine', 'NSC26154', '177 JD', '177-JD', 'NSC400230', 'CAS-60-32-2', 'NCGC00015092-02', 'Caproamin', 'DSSTox_CID_70', 'U6F3787206', 'WLN: Z5VQ', 'DSSTox_RID_75347', 'DSSTox_GSID_20070', 'Acide aminocaproique', 'e-Aminocaproic acid', 'Epsicaprom', 'epsilon-Ahx', 'EPSILON-AMINOCAPROIC ACID [JAN]', 'acide aminocaproque', 'Kyselina omega-aminokapronova', 'JD 177', 'SMR000059162', 'Aminocaproic Acid In Plastic Container', 'CCRIS 7706', 'HSDB 3005', 'Acide aminocaproique [INN-French]', 'Acido aminocaproico [INN-Spanish]', 'Acidum aminocaproicum [INN-Latin]', 'SR-01000075688', 'Aminocaproic acid (USP)', 'Aminocaproic acid [USAN:BAN:INN]', 'EINECS 200-469-3', 'NSC 400230', 'BRN 0906872', 'Acikaprin', 'Epsilon', 'amino caproic', 'e-Aminocaproate', 'w-Aminocaproate', 'Aminocaproic acid (USP/INN)', 'e-Norleucine', 'AI3-14512', 'e-Aminohexanoate', 'w-Aminohexanoate', '6-Aminocaproate', 'e-Leucine', 'epsilon-S', 'aminocaproic-acid', '1cea', '3kiv', '6-amino-Hexanoate', '6Aminocaproic acid', 'omega-Aminocaproate', 'UNII-U6F3787206', 'Amino Caproic Acid', 'trifluoroacctic acid', 'H-epsilon-Acp-OH', 'omega-Aminohexanoate', 'w-Aminocaproic acid', 'e-Amino-n-hexanoate', 'e-Aminohexanoic acid', 'w-Aminohexanoic acid', '6-Amino-n-hexanoate', 'epsilon-Aminohexanoate', 'Epsillon-Aminocaproate', 'H-EAhx-OH', 'Aminocaproic acid [USAN:USP:INN:BAN]', 'Spectrum_000038', 'e-Amino-n-hexanoic acid', 'e-Aminocaproic acid USP', 'epsilon-Amino-n-hexanoate', 'H-6-Ahx-OH', 'Prestwick0_000960', 'Prestwick1_000960', 'Prestwick2_000960', 'Prestwick3_000960', 'Spectrum2_000131', 'Spectrum4_000143', 'Spectrum5_000780', 'Lopac-A-7824', 'Epsillon-Aminocaproic acid', 'epsilon-amino caproic acid', 'bmse000394', 'H-Acp(6)-OH', 'A 7824', 'Aminocaproic acid (Amicar)', '6-Aminocaproic acid; EACA', '_6-__-_Aminocaproic acid', '6-ACA', 'CHEMBL1046', 'Lopac0_000082', 'SCHEMBL15293', 'BSPBio_000960', 'CBDivE_004370', 'KBioGR_000586', 'KBioSS_000398', 'epsilon-Aminocaproic acid USP', 'MLS001335991', 'MLS002695931', 'BIDD:GT0162', 'DivK1c_000551', 'NH2-(CH2)5-COOH', 'SPECTRUM1500114', 'SPBio_000202', 'SPBio_003109', '(6-)epsilon-Aminocaproic acid', 'BPBio1_001056', 'GTPL6574', '.epsilon.-Amino-n-caproic acid', 'AMINOCAPROIC ACID [INN]', 'AMINOCAPROIC ACID [HSDB]', 'AMINOCAPROIC ACID [USAN]', 'DTXSID0020070', '.epsilon.-Amino-n-hexanoic acid', 'CHEBI:79212', 'HMS501L13', 'KBio1_000551', 'KBio2_000398', 'KBio2_002966', 'KBio2_005534', 'AMINOCAPROIC ACID [VANDF]', 'AMINOCAPROIC ACID [MART.]', 'NINDS_000551', 'HMS1570P22', 'HMS1920C07', 'HMS2091I07', 'HMS2097P22', 'HMS2231F21', 'HMS3260A06', 'HMS3373F09', 'HMS3655M17', 'HMS3714P22', 'Pharmakon1600-01500114', 'AMINOCAPROIC ACID [USP-RS]', 'AMINOCAPROIC ACID [WHO-DD]', '6-AMINOCAPROIC ACID [INCI]', 'ALBB-022460', 'BCP24729', 'BCP27495', 'HY-B0236', 'ZINC1529425', 'Tox21_110081', 'Tox21_500082', 'AC-035', 'BDBM50357211', 'CCG-38935', 'LMFA01100035', 'NSC212532', 'NSC755867', 's1671', 'STK246894', 'AKOS000118734', 'Tox21_110081_1', 'AM82438', 'AMINOCAPROIC ACID [EP IMPURITY]', 'AMINOCAPROIC ACID [ORANGE BOOK]', 'DB00513', 'KS-5276', 'LP00082', 'NSC-212532', 'NSC-755867', 'PB43139', 'SDCCGSBI-0050070.P005', 'AMINOCAPROIC ACID [EP MONOGRAPH]', 'IDI1_000551', 'pound 6- pound(c)|A-Aminocaproic acid', '6-Aminocaproic acid, BioUltra, >=99%', 'AMINOCAPROIC ACID [USP MONOGRAPH]', ""Epsillon-Aminocaproic acid' Epsilcapramin"", 'NCGC00015092-01', 'NCGC00015092-03', 'NCGC00015092-04', 'NCGC00015092-05', 'NCGC00015092-06', 'NCGC00015092-07', 'NCGC00015092-09', 'NCGC00015092-10', 'NCGC00015092-17', 'NCGC00093587-01', 'NCGC00093587-02', 'NCGC00093587-03', 'NCGC00093587-04', 'NCGC00260767-01', 'pound 6- pound(c)|A-?Aminocaproic acid', '.EPSILON.-AMINOCAPROIC ACID [MI]', '6-Aminohexanoic acid, >=98.5% (NT)', 'AMINOCAPROIC ACID (aminocaproic acid).', 'BP-20395', 'SY003109', '.EPSILON.-AMINOCAPROIC ACID [JAN]', '008e238', 'SBI-0050070.P004', 'A0312', 'AB00051911', 'EU-0100082', 'FT-0620933', 'SW197248-3', 'EN300-17983', ""3-Propyl-2'-(N-methyl-N-ethynylamino)pyridine"", 'A-5295', 'A15677', 'C02378', 'D00160', 'P19609', 'ZINC ACEXAMATE IMPURITY B [EP IMPURITY]', 'AB00051911-08', 'AB00051911_09', 'AB00051911_10', '319A820', '6-Aminocaproic acid, >=99% (titration), powder', 'A929179', 'Q255968', '6-Aminocaproic acid, SAJ special grade, >=99.0%', 'SR-01000075688-1', 'SR-01000075688-3', 'SR-01000075688-6', 'EACA;Epsilon-Amino-n-caproic Acid;6-Aminohexanoic acid', 'F2191-0201', 'C3BDD377-8F43-4BEC-900A-D5850050BA82', 'Aminocaproic acid, European Pharmacopoeia (EP) Reference Standard', 'Aminocaproic acid, United States Pharmacopeia (USP) Reference Standard', 'Acepramine; 6-Amino-n-hexanoic Acid; 6-Aminocaproic Acid; 6-Aminohexanoic Acid', 'Aminocaproic acid, Pharmaceutical Secondary Standard; Certified Reference Material']"
559,2-(4-oxobutyl)guanidine,13,"['4-guanidinobutanal', 'N-(4-oxobutyl)guanidine', '1-(4-oxobutyl)guanidine', '14049-14-0', '4-guanidinobutyraldehyde', '2-(4-oxobutyl)guanidine', 'C02647', 'SCHEMBL261594', 'SCHEMBL8114212', 'CHEBI:16671', 'DTXSID801314006', 'AKOS006338151', 'Q27102022']"
63,"2,4-diaminopentanoic acid",7,"['2,4-diaminopentanoic acid', '2.4-Diaminovaleriansaeure', '24317-81-5', 'SCHEMBL60414', 'CHEBI:904', 'AKOS006363069', 'Q27105378']"
6,"1-chloro-2,4-dinitrobenzene",97,"['1-chloro-2,4-dinitrobenzene', '2,4-Dinitrochlorobenzene', '97-00-7', 'Dinitrochlorobenzene', 'DNCB', 'Chlorodinitrobenzene', 'CDNB', 'Benzene, 1-chloro-2,4-dinitro-', '4-Chloro-1,3-dinitrobenzene', '2,4-Dinitrophenyl chloride', 'Dinitrochlorobenzol', '1,3-Dinitro-4-chlorobenzene', '2,4-Dinitro-1-chlorobenzene', '6-Chloro-1,3-dinitrobenzene', '1-Chloro-2,4-dinitrobenzol', 'ClDNB', 'DNPCl', '1-Chlor-2,4-dinitrobenzene', '1-Cloro-2,4-dinitrobenzene', '1-Chloor-2,4-dinitrobenzeen', '1-chloro-2,4-dinitro-benzene', 'CHEBI:34718', 'NSC 6292', 'NSC-6292', 'GE3IBT7BMN', '2,4-dinitro chlorobenzene', 'NSC6292', 'DSSTox_CID_278', 'DSSTox_RID_75481', 'DSSTox_GSID_20278', '1-Chlor-2,4-dinitrobenzol', 'Caswell No. 389C', 'Dinitrochlorobenzene (VAN)', 'CAS-97-00-7', 'SMR000857169', 'CCRIS 1799', 'HSDB 5306', 'UNII-GE3IBT7BMN', 'EINECS 202-551-4', 'chloro-2,4-dinitrobenzene', '1-Chloor-2,4-dinitrobenzeen [Dutch]', '1-Chloro-2,4-dinitrobenzeen [Dutch]', '1-Chloro-2,4-dinitrobenzol [German]', 'EPA Pesticide Chemical Code 055102', '1-Cloro-2,4-dinitrobenzene [Italian]', '1-Chloro-2,4-dinitrobenzeen', 'AI3-01053', '2,4-dinitrochlorbenzene', 'WLN: WNR BG ENW', '2,4-dinitro-chlorobenzene', 'Epitope ID:110163', 'EC 202-551-4', '2,4-dinitro-chloro-benzene', '2,4dinitro-1-chlorobenzene', 'SCHEMBL39251', '2-chloro-1,5-dinitrobenzene', 'MLS001332459', 'MLS001332460', 'BIDD:ER0694', '1-chloro-2,4-dinitro benzene', 'CHEMBL292687', 'DTXSID6020278', 'HMS2233O04', 'BCP27853', 'STR01511', 'ZINC1540301', 'Tox21_201956', 'Tox21_302802', 'BBL009322', 'BDBM50458521', 'MFCD00007075', 'STK387094', '1-Chloro-2,4-dinitrobenzene, 97%', 'AKOS000118946', '1 - Chloro - 2,4 - dinitrobenzene', '1-Chloro-2,4-dinitrobenzene, ~95%', 'DB11831', '1-Chloro-2,4-dinitrobenzene, >=99%', 'NCGC00164061-01', 'NCGC00164061-02', 'NCGC00164061-03', 'NCGC00256396-01', 'NCGC00259505-01', '2,4-DINITROCHLOROBENZENE [MART.]', '1-CHLORO-2,4-DINITROBENZENE [MI]', 'DB-057658', '1-CHLORO-2,4-DINITROBENZENE [HSDB]', 'AM20050502', 'EN300-18084', '1-CHLORO-2,4-DINITROBENZENE [WHO-DD]', 'Q209216', '1-Chloro-2,4-dinitrobenzene, technical grade, 95%', 'W-100123', 'Z57160126', '1-Chloro-2,4-dinitrobenzene 100 microg/mL in Methanol', '3-(3-hydroxy-2-methyl-4-oxo-1-pyridyl)propanoic acid', 'F1908-0126']"
77,2-hydroxy-2-propan-2-ylbutanedioic acid,33,"['2-Isopropylmalic acid', '3237-44-3', '2-hydroxy-2-isopropylsuccinic acid', 'alpha-isopropylmalic acid', 'alpha-isopropylmalate', '3-carboxy-3-hydroxyisocaproic acid', '2-Hydroxy-2-(1-methylethyl)butanedioic acid', '2-hydroxy-2-propan-2-ylbutanedioic acid', '2-hydroxy-2-(propan-2-yl)butanedioic acid', 'A7T9UY4KVU', 'Malic acid, 2-isopropyl-', 'butanedioic acid, 2-hydroxy-2-(1-methylethyl)', '3-hydroxy-4-methyl-3-carboxypentanoate', '3-carboxy-3-hydroxy-4-methylpentanoate', '2-HYDROXY-2-ISOPROPYLSUCCINICACID', 'UNII-A7T9UY4KVU', 'bmse000982', 'bmse001025', 'SCHEMBL59972', '2-Isopropylmalic acid, 98%', '.ALPHA.-ISOPROPYLMALATE', 'CHEBI:28635', 'DTXSID70863129', 'HY-N9960', 'SB84200', 'beta-hydroxy-beta-carboxy-isocaproic acid', 'AS-81339', '3-carboxy-3-hydroxy-4-methylpentanoic acid', 'CS-0226996', 'Butanedioic acid, 2-hydroxy-2-(1-methylethyl)-', 'J-018719', 'Q15426256', 'CD7B7575-5C65-4347-9BAC-D899775FC34D']"
540,cyanic acid,27,"['Cyanic acid', '420-05-3', 'Zyansaeure', 'Cyansaeure', 'hydroxidonitridocarbon', 'HOCN', 'nitridooxocarbonic acid', 'CHEBI:28024', 'hydrogen nitridooxocarbonate', '[C(N)OH]', '460E3FHT8O', 'cyanoalcohol', 'UNII-460E3FHT8O', 'acide cyanique', 'acido cianico', 'acidum cyanicum', 'cyano alcohol', 'cyano-alcohol', '0NM', 'HO-C.equiv.N', 'CYANIC ACID [MI]', 'CHEMBL1161700', 'DTXSID3074812', 'BDBM50147624', 'AKOS006273448', 'C01417', 'Q391679']"
541,4-nitrobenzaldehyde,75,"['4-nitrobenzaldehyde', '555-16-8', 'p-Nitrobenzaldehyde', 'Benzaldehyde, 4-nitro-', 'p-Formylnitrobenzene', 'Benzaldehyde, p-nitro-', '4-Nitro-benzaldehyde', 'p-nitro benzaldehyde', '4-FORMYLNITROBENZENE', '4-nitro benzaldehyde', 'para-nitrobenzaldehyde', 'MFCD00007346', 'NX859P8MB0', 'CHEBI:66926', 'NSC-6103', '4-Nitrobenzaldehydde', 'CCRIS 1675', 'NSC 6103', 'EINECS 209-084-5', 'AI3-52475', '4-nitrobenzaldhyde', 'paranitrobenzaldehyde', 'XXH', 'p-nitro-benzaldehyde', '4-nitrobenz aldehyde', 'p-nitrobenzenealdehyde', 'para-nitro benzaldehyde', 'Para Nitro Benzaldehyde', '(4 nitrophenyl)methanone', '4NBZ', 'WLN: WNR DVH', '4-Nitrobenzaldehyde,(S)', 'DSSTox_CID_2061', '4-Nitrobenzaldehyde, 98%', 'SCHEMBL1157', 'DSSTox_RID_76477', 'UNII-NX859P8MB0', 'DSSTox_GSID_22061', 'NITROBENZALDEHYDE, 4-', 'CCRIS-1675', 'CHEMBL164236', 'DTXSID5022061', 'NSC6103', 'ZINC164513', '4-NITROBENZENECARBOXALDEHYDE', 'ACT07089', 'BCP27111', 'STR00898', 'Tox21_202930', 'BBL011957', 'STK199266', '4-Nitrobenzaldehyde, p.a., 98.0%', 'AKOS000118887', 'CS-W007577', 'NCGC00260476-01', 'AC-27489', 'BP-11799', 'CAS-555-16-8', 'SY001417', 'DB-024132', 'FT-0619200', 'FT-0672749', 'N0559', 'EN300-18420', 'A15647', 'BENZALDEHYDE,4-NITRO  MFC7 H5 N1 O3', 'D70831', '4-Nitrobenzaldehyde, purum, >=97.0% (HPLC)', 'AB-131/40217801', '4-Nitrobenzaldehyde, Vetec(TM) reagent grade, 98%', 'J-515873', 'Q2816679', 'Z57772464', 'F2190-0630', '4-Nitrobenzaldehyde, for spectrophotometric det. of amino sugars, >=99.0%']"
47,3-methyl-2-oxopentanoic acid,58,"['3-Methyl-2-oxovaleric acid', '1460-34-0', '3-Methyl-2-oxopentanoic acid', 'alpha-Keto-beta-methylvaleric acid', 'ketoisoleucine', '3-Ethyl-3-methylpyruvic acid', '3-methyl-2-oxo-pentanoic acid', '2-oxo-3-methyl-n-valeric acid', '3-Methyl-2-oxovaleric', 'Pentanoic acid, 3-methyl-2-oxo-', '2-Oxo-3-methylpentanoic acid', '2-Oxo-3-methylvalerate', '787T50HCIV', '3-methyl-2-oxopentanoate', '2-OXO-3-METHYLVALERIC ACID', '2-oxoisoleucine', 'alpha-keto-beta-methyl-n-valeric acid', 'UNII-787T50HCIV', '39748-49-7', '(1)-3-Methyl-2-oxovaleric acid', 'EINECS 215-955-0', 'EINECS 254-616-1', 'methyl ethyl pyruvic acid', 'C03465', '3-Methyl-2-oxopentanoicacid', 'SCHEMBL43232', '2-keto-3-methyl-valeric acid', 'CHEBI:35932', 'DTXSID50862670', 'DL-3-METHYL-2-OXOPENTANOATE', 'MFCD00002582', '(+/-)-3-methyl-2-oxopentanoic acid', 'AKOS006220526', 'DL-3-METHYL-2-OXOVALERIC ACID', 'VALERIC ACID, 3-METHYL-2-OXO-', 'DL-3-ETHYL-3-METHYLPYRUVIC ACID', 'DL-3-METHYL-2-OXOPENTANOIC ACID', '3-METHYL-2-OXOVALERIC ACID, DL-', 'AS-58809', 'DL-3-METHYL-2-OXO PENTANOIC ACID', '3-Methyl-2-oxopentanoic acid, AldrichCPR', 'HY-113063', '3-METHYL-2-OXOPENTANOIC ACID [FHFI]', 'CS-0059473', 'FT-0628729', 'FT-0703216', 'K0020', '.ALPHA.-OXO-.BETA.-METHYLVALERIC ACID', 'FEMA NO. 3870, ACID-(+/-)-', '.ALPHA.-KETO-.BETA.-METHYLVALERIC ACID', 'F16679', '3-METHYL-2-OXOPENTANOIC ACID, (+/-)-', 'EN300-1852217', '.ALPHA.-KETO-.BETA.-METHYL-N-VALERIC ACID', '.ALPHA.-OXO-.BETA.-METHYL-N-VALERIC ACID', 'W-108131', 'Q23905808', 'Z1205493610']"
79,pyridine-3-carbonitrile,70,"['3-cyanopyridine', 'Nicotinonitrile', '100-54-9', '3-PYRIDINECARBONITRILE', 'pyridine-3-carbonitrile', 'Nicotinic acid nitrile', '3-Pyridinenitrile', '3-Pyridylcarbonitrile', '3-Azabenzonitrile', '3-Cyjanopirydyna', 'Nitryl kwasu nikotynowego', 'NSC 17558', 'CHEBI:86556', 'NSC-17558', 'X64V0K6260', 'DSSTox_CID_6665', 'DSSTox_RID_78179', 'DSSTox_GSID_26665', '3-Cyjanopirydyna [Polish]', 'CAS-100-54-9', 'HSDB 5335', '3-Pyridinecarboxylic acid, nitrile', 'Nitryl kwasu nikotynowego [Polish]', 'EINECS 202-863-0', 'BRN 0107711', 'AI3-15766', 'UNII-X64V0K6260', '3-cyano pyridine', '3-Pyridyl cyanide', 'PncA Inhibitor, 5', 'Pyridine, 3-cyano-', 'bmse000622', 'CYANOPYRIDINE, 3-', 'EC 202-863-0', 'SCHEMBL28776', '5-22-02-00115 (Beilstein Handbook Reference)', 'Nicotinamidase Inhibitor, 23', '3-Pyridinecarbonitrile, 98%', 'CHEMBL3181972', 'DTXSID1026665', 'BDBM92856', 'ZINC331637', 'NSC17558', 'Tox21_201669', 'Tox21_300354', 'BBL037217', 'MFCD00006372', 'STK046164', '3-PYRIDINECARBONITRILE [HSDB]', 'AKOS000119616', 'AC-2424', 'AM81277', 'FG-0468', 'SB52234', 'NCGC00248004-01', 'NCGC00248004-02', 'NCGC00254450-01', 'NCGC00259218-01', 'DB-023674', 'CS-0003918', 'FT-0615558', 'FT-0665307', 'EN300-18318', 'P19604', 'AC-907/25014098', 'W-108955', 'Q18730591', 'Z57899719', 'F2108-0102', '6C16C9E3-90DC-4565-9F55-F6CC5D13CC33']"
8,"2,3-dihydroxy-3-methylpentanoic acid",21,"['2,3-Dihydroxy-3-methylpentanoic acid', '562-43-6', '2,3-dihydroxy-3-methylvalerate', '2,3-dihydroxy-3-methylpentanoate', '4,5-dideoxy-3-c-methylpentonic acid', 'pentonic acid, 4,5-dideoxy-3-C-methyl-', 'valeric acid, 2,3-dihydroxy-3-methyl-', '2,3-dihydroxy-3-methyl-pentanoic acid', '2,3-Dihydroxy-3-Methyl-Valeric acid', 'alpha,beta-dihydroxy-beta-methylvaleric acid', 'SCHEMBL42928', 'CHEBI:882', 'DTXSID00971589', '2,3-dihydroxy-3-methylvaleric acid', '2,3-Dihydroxy-3-methylpentanoicacid', 'LMFA01050469', 'AKOS006376279', 'C04104', 'EN300-725116', 'Q2823199', 'Z1205494592']"
45,2-hydroxypropanedioic acid,49,"['Tartronic acid', '80-69-3', '2-Hydroxymalonic acid', 'Hydroxymalonic acid', '2-Hydroxypropanedioic acid', 'Tartronicacid', 'Propanedioic acid, hydroxy-', 'hydroxypropanedioic acid', '2-Tartronic acid', '2-hydroxymalonate', 'MALONIC ACID, HYDROXY-', 'hydroxymalonate', 'CHEBI:16513', 'CHEMBL1794676', 'NSC-36171', '34T0025E0L', '111985-13-8', 'UNII-34T0025E0L', ""hydroxymalonic'acid"", 'EINECS 201-301-1', 'hydroxy-malonic acid', '2-Hydroxymalonicacid', 'MFCD00004237', 'NSC 36171', 'Tartronic acid, 8CI', '4m6u', 'HydroxymalonsA currencyure', 'TARTRONIC ACID [MI]', 'SCHEMBL15060', 'Tartronic acid, >=97.0%', 'DTXSID6075358', 'AMY6179', 'ZINC901335', '.ALPHA.-HYDROXYMALONIC ACID', 'ACT06783', 'NSC36171', 'Propanedioic acid, hydroxy- (9CI)', 'BDBM50038354', 'AKOS001115605', 'CS-W013581', 'AS-14777', 'FT-0600419', 'EN300-18772', 'C02287', 'H10518', 'Q425473', 'J-524313', 'Z90123595', 'F3F5D7E2-8FF8-4206-8F30-077B0F85979B']"
51,2-oxopentanedioic acid,132,"['2-ketoglutaric acid', '2-Oxopentanedioic acid', '328-50-7', '2-oxoglutaric acid', 'alpha-ketoglutaric acid', 'alpha-ketoglutarate', '2-oxoglutarate', 'Oxoglutaric acid', 'alpha Ketoglutarate', 'Oxoglutarate', '2-Oxo-1,5-pentanedioic acid', 'Pentanedioic acid, 2-oxo-', 'Alphaketoglutaric acid', 'alpha-Oxoglutaric acid', 'Oxoglurate', 'Glutaric acid, 2-oxo-', 'oxogluric acid', 'Glutaric acid, alpha keto', '2-ketoglutarate', 'Pentanedioic acid, oxo-', 'a-ketoglutaric acid', 'ketoglutaric acid', 'Bis(L-arginin)-2-oxoglutarat', 'Oxoglurate [INN]', 'alpha ketoglutaric acid', '.alpha.-Ketoglutaric acid', 'AI3-26938', 'MFCD00004165', 'NSC 17391', 'alpha-Ketoglutaric acid alpha', '17091-15-5', '2-oxo-pentanedioic acid', 'alpha-keto-Glutaric acid', 'NSC17391', '.alpha.-Oxoglutaric acid', 'NSC-17391', '378-50-7', 'CHEMBL1686', 'CHEBI:30915', 'Glutaric acid, 2-oxo- (8CI)', '8ID597Z82X', '2-oxopentanedioate', '2-Oxo-Glutaric Acid', '2-oxopentanedionate', '2-Ketoglutaricacid', 'DSSTox_CID_13179', 'DSSTox_RID_79054', 'DSSTox_GSID_33179', 'Pentanedioic acid, 2-oxo-, sodium salt', 'CAS-328-50-7', 'AKG', 'EINECS 206-330-3', 'alpha-Ketoglutaricum acidum', 'UNII-8ID597Z82X', '3ouj', '4nro', '4oct', '4qkd', '4usi', 'keto glutaric acid', '2-oxoglutaric-acid', '.alpha.-ketoglutarate', '2-oxo-pentanedioicaci', '34410-46-3', 'alpha-oxo-glutaric acid', 'alpha -ketoglutaric acid', 'alpha-Oxopentanedioic acid', '2-Oxo-1,5-pentanedioate', 'bmse000064', 'bmse000801', 'bmse000937', 'SCHEMBL7400', 'NCIStruc1_001710', 'NCIStruc2_000215', 'ALFA-KETOGLUTARIC ACID', 'A-KETOGLUTARICUM ACIDUM', 'Glutaric acid, .alpha.-keto-', 'GTPL3636', 'OXOGLURIC ACID [MART.]', 'DTXSID5033179', 'KETOGLUTARIC ACID [INCI]', 'OXOGLURIC ACID [WHO-DD]', 'NCI17391', 'Pentanedioic acid, 2-oxo- (9CI)', 'ZINC1532519', 'Tox21_110016', 'Tox21_200918', 'BBL010614', 'BDBM50303766', 'CCG-37641', 'NCGC00013225', 's6237', 'STK002174', '2-OXOPENTANEDIOIC ACID [FHFI]', 'A-KETOGLUTARICUM ACIDUM [HPUS]', 'AKOS000120908', 'CS-W014352', 'DB02926', 'DB03806', 'DB08845', 'HY-W013636', '.ALPHA.-KETOGLUTARIC ACID [MI]', 'NCGC00013225-01', 'NCGC00013225-02', 'NCGC00013225-03', 'NCGC00013225-04', 'NCGC00013225-05', 'NCGC00013225-06', 'NCGC00090946-01', 'NCGC00090946-02', 'NCGC00258472-01', 'alpha-Ketoglutaric acid, >=99.0% (T)', 'AS-12579', 'NCI60_001411', 'SY004310', 'DB-048280', 'AM20090486', 'FT-0612734', 'FT-0670633', 'K0005', 'EN300-18049', 'C00026', 'D70548', 'K-2400', 'AB00640269-03', 'A855282', 'Q306140', 'alpha-Ketoglutaric acid, >=98.5% (NaOH, titration)', 'Z57127547', 'F2191-0182', '15118487-024F-412C-9995-24E8E6CA72EF', 'alpha-Ketoglutaric acid, BioReagent, suitable for cell culture, suitable for insect cell culture']"
543,2-(carboxymethyl)-5-oxofuran-2-carboxylic acid,11,"['4-carboxymuconolactone', '2-(carboxymethyl)-5-oxo-2,5-dihydro-2-furoic acid', '2-carboxy-2,5-dihydro-5-oxofuran-2-acetate', 'SCHEMBL2203488', 'CHEBI:16993', '4-carboxymethyl-4-carboxybut-2-en-4-olide', '5-Carboxy-2,5-dihydro-2-oxofuran-5-acetate', 'C01278', '2-carboxy-2,5-dihydro-5-oxo-2-furanacetic acid', 'Q27102167', '2-(carboxymethyl)-5-oxo-2,5-dihydrofuran-2-carboxylic acid']"
542,2-(5-oxo-2H-furan-2-yl)acetic acid,16,"['Muconolactone', '6666-46-2', '2-(5-oxo-2H-furan-2-yl)acetic acid', '2,5-dihydro-5-oxofuran-2-acetate', '2-Oxo-2,5-dihydrofuran-5-acetate', '5-Oxo-2,5-dihydrofuran-2-acetate', '5-oxo-2,5-dihydro-2-furylacetic acid', '4-Carboxymethyl-4-hydroxyisocrotonolactone', '2-Furanacetic acid, 2,5-dihydro-5-oxo-', 'SCHEMBL2935675', 'CHEBI:18080', '4-carboxymethylbut-2-en-4-olide', 'AKOS006375432', '(5-oxo-2,5-dihydrofuran-2-yl)acetic acid', 'C04105', 'Q27102806']"
50,"3,4,5,6-tetrahydroxy-2-oxohexanoic acid",24,"['2-keto-L-gluconate', '3,4,5,6-tetrahydroxy-2-oxohexanoic acid', '91548-32-2', 'D-arabino-Hexulosonic acid', 'Gluconic acid, 2-oxo-', '2-keto-D-gluconate', '773WWQ6UFE', '2-Ketoidonate', '2-Ketogluconsaure', 'EINECS 211-574-9', 'Hex-2-ulosonic acid', '2-Keto-L-galactonic acid', 'UNII-773WWQ6UFE', 'SCHEMBL2903691', 'CHEBI:88378', 'DTXSID30859528', 'NSC87544', 'CCG-40508', 'NSC-87544', 'SB46670', 'WURCS=2.0/1,1,0/[AOxxxh]/1/', 'FT-0612737', 'Q27160223', 'C148B2AC-3424-4B69-892E-44B5D2F8C070']"
44,2-hydroxypropanedioate,8,"['tartronate', 'hydroxypropanedioate', 'hydroxymalonate', '2-hydroxypropanedioate', 'hydroxymalonate(2-)', 'CHEBI:17649', 'DB03680', 'Q27094594']"
78,2-amino-3-chloropropanoic acid,31,"['3-Chloroalanine', '2-amino-3-chloropropanoic acid', '3981-36-0', '13215-35-5', 'beta-Chloroalanine', 'DL-3-Chloroalanine', '3-CHLORO-DL-ALANINE', 'beta-chloro-DL-alanine', 'H-beta-Chloro-Ala-OH', 'N-Chloroalanine', 'MFCD00046536', 'MFCD01632068', 'b-chloro-dl-alanine', 'H-Ala(Cl)-OH.HCl', '.beta.-Chloro-D-alanine', '2-amino-3-chloropropanoicacid', 'SCHEMBL890419', 'CHEBI:88164', 'DTXSID70927558', 'alanine, 3-chloro-, hydrochloride', 'HMS3749A15', 'alpha-Amino-beta-chlor-propionsaure', 'ALBB-018637', 'NSC337715', 'AKOS006228265', 'SY034145', 'SY034148', 'FT-0692131', 'FT-0694618', 'EN300-195277', 'Q27160094']"
54,"S-[2-[3-[[4-[[[5-(6-aminopurin-9-yl)-4-hydroxy-3-phosphonooxyoxolan-2-yl]methoxy-hydroxyphosphoryl]oxy-hydroxyphosphoryl]oxy-2-hydroxy-3,3-dimethylbutanoyl]amino]propanoylamino]ethyl] 2-methylbutanethioate",3,"['2-methylbutyryl-CoA', 'SCHEMBL2935253', 'Q2813821']"
546,2-phosphonoacetic acid,99,"['Phosphonoacetic acid', '4408-78-0', 'Fosfonet', '2-phosphonoacetic acid', 'phosphonoacetate', 'Acetic acid, phosphono-', 'Phosphonacetic acid', 'Fosfonet sodium', 'Carboxymethanephosphonic acid', 'PHOSPHONOACETICACID', 'Fosfonoacetic acid', 'Disodium phosphonoacetate', 'CHEBI:15732', 'Lopac-P-6909', 'NSC-18205', 'MLS000069393', 'Abbott 38642', 'Disodium carboxymethylphosphonate', 'NCGC00014361-03', 'SMR000058341', 'Disodium phosphonoacetate monohydrate', 'N919E46723', 'NSC138745', 'DSSTox_CID_25107', 'DSSTox_RID_80674', 'DSSTox_GSID_45107', 'CAS-4408-78-0', 'NSC-138745', '36983-81-0', 'EINECS 224-558-1', 'NSC 18205', 'BRN 1764355', 'Fosfonoacetate', 'Phosphonacetate', 'UNII-N919E46723', 'Phosphonoethanoic acid', 'Carboxymethanephosphonate', '1ew8', 'Opera_ID_1619', 'bmse000660', 'Phosphonoacetic acid, 98%', 'NCIStruc1_000084', 'NCIStruc2_000084', 'Lopac0_000991', 'SCHEMBL15612', '4-04-00-03612 (Beilstein Handbook Reference)', 'CHEMBL50300', 'DTXSID2045107', 'XUYJLQHKOGNDPB-UHFFFAOYSA-', 'HMS2234F14', 'HMS3263G03', 'HMS3371G15', 'AMY39197', 'NSC18205', 'ZINC3869741', 'Tox21_110045', 'Tox21_500991', 'BBL100127', 'BDBM50008089', 'CCG-38040', 'MFCD00004311', 'NCGC00014361', 'NCI138745', 's3356', 'STK372961', 'AKOS005447286', 'Tox21_110045_1', 'DB02823', 'LP00991', 'SDCCGSBI-0050964.P003', 'NCGC00014361-02', 'NCGC00014361-04', 'NCGC00014361-05', 'NCGC00014361-06', 'NCGC00014361-07', 'NCGC00014361-08', 'NCGC00014361-09', 'NCGC00094288-01', 'NCGC00094288-02', 'NCGC00094288-03', 'NCGC00261676-01', 'AS-57378', 'NCI60_000870', 'DB-009800', 'HY-128744', 'CS-0102536', 'EU-0100991', 'FT-0635275', 'C05682', 'P 6909', 'EN300-7590518', 'A826485', 'SR-01000076075', 'SR-01000076075-1', 'Q27093778', '7057FCB7-1B5A-4B59-B5AC-380E86F98C9D', 'Phosphonoacetic acid, TraceCERT(R), 31P-qNMR Standard', 'Z277558864', '7230-09-3']"
547,"2-(3,4-dihydroxyphenyl)acetic acid",110,"['3,4-Dihydroxyphenylacetic acid', '102-32-9', 'Dopac', '2-(3,4-DIHYDROXYPHENYL)ACETIC ACID', 'Homoprotocatechuic acid', 'Dopacetic acid', '3,4-Dihydroxybenzeneacetic acid', 'Benzeneacetic acid, 3,4-dihydroxy-', 'Dihydroxyphenylacetic acid', '(3,4-DIHYDROXYPHENYL)ACETIC ACID', 'Homoprotocatechuate', 'Acetic acid, (3,4-dihydroxyphenyl)-', '3,4-Dihydroxy-phenylacetic acid', '3,4-dihydroxyphenylacetate', 'BA 2773', '3,4-DIHYDROXYPHENYLACETICACID', 'MFCD00004338', 'Lopac-D-9128', 'KEX5N0R4N5', '3,4-DHPOP', 'MLS001056737', '3,4-dihydroxyphenyl acetic acid', 'CHEBI:41941', 'NSC-73191', '3,4-DIHYDROXYPHENYLCAETIC ACID', 'SMR000326727', '4-Carboxymethylcatechol', 'DHY', '3,4-Dihydroxyphenylacetate, XV', '2-(3,4-dihydroxyphenyl)acetate', 'CCRIS 3765', 'Catechol-4-acetic Acid', 'EINECS 203-024-1', 'NSC 73191', 'UNII-KEX5N0R4N5', 'BRN 2211017', 'Dopacetate', 'AI3-52339', '3pcn', 'Dihydroxyphenylacetate', '1ai4', 'cid_547', '4-Carboxymethylpyrocatechol', 'bmse000329', 'Pyrocatechol-4-acetic Acid', '3,4-Dihydroxybenzeneacetate', 'CHEMBL1284', 'NCIOpen2_000518', 'Lopac0_000414', 'SCHEMBL36348', 'Benzeneacetic acid,4-dihydroxy-', 'DTXSID9074430', 'Acetic acid,4-dihydroxyphenyl)-', 'BDBM52946', 'HMDB01336', '3,4-dihydroxy-Benzeneacetic acid', '3,4-dihydroxyl phenylacetic acid', 'HMS2233I20', 'HMS3261C10', 'HMS3373A01', 'KUC106695N', 'KUC106697N', 'ZINC388555', '(3,4-dihydroxyphenyl)-Acetic acid', 'NSC73191', 'Tox21_500414', 's5639', '3,4-Dihydroxyphenylacetic acid, 98%', 'AKOS015890264', 'AC-5292', 'CCG-204506', 'CS-W001080', 'DB01702', 'Dopac/(3,4-dihydroxyphenyl)-aceticaci', 'HY-W001080', 'LP00414', 'RS-1018', 'SDCCGSBI-0050399.P002', 'Acetic acid, (3,4-dihydroxyphenyl)-,', 'NCGC00015381-01', 'NCGC00015381-02', 'NCGC00015381-03', 'NCGC00015381-04', 'NCGC00015381-05', 'NCGC00015381-06', 'NCGC00093838-01', 'NCGC00093838-02', 'NCGC00093838-03', 'NCGC00261099-01', 'HAA', 'KSC-11-207-5', 'KSC-11-207-8', 'SY015718', '2-[3,4-bis(oxidanyl)phenyl]ethanoic acid', 'AM20020093', 'D1283', 'EU-0100414', 'FT-0614331', '3,4-Dihydroxyphenylacetic Acid-[13C,18O2]', 'C01161', 'D 9128', 'EN300-111909', 'A800559', 'SR-01000075841', '3,4-Dihydroxyphenylacetic acid, analytical standard', 'J-000672', 'Q4634071', 'SR-01000075841-1', 'Z1255438427', '47115C80-8C82-419A-BC51-B10A2CB7FE8F']"
69,"2-hydroxy-6-oxohepta-2,4-dienoic acid",7,"['2-Hydroxy-6-oxo-2,4-heptadienoic acid', '2-hydroxy-6-oxohepta-2,4-dienoic acid', '7244-95-3', 'CHEBI:90886', 'DTXSID501285458', '2-hydroxy-6-keto-2,4 heptadienoic acid', 'Q27162860']"
43,2-hydroxypentanedioic acid,38,"['2-hydroxyglutaric acid', '2-hydroxypentanedioic acid', '2889-31-8', '2-hydroxyglutarate', 'alpha-hydroxyglutarate', 'alpha-Hydroxyglutaric acid', 'Pentanedioic acid, 2-hydroxy-', '2,3-Dideoxypentaric acid', '2-oxidanylpentanedioic acid', 'Glutaric acid, 2-hydroxy-', 'RS4M3UYS95', '(+/-)-2-Hydroxyglutaric acid', 'CHEMBL4870693', '2-Hydroxyglutaric acid disodium salt', '2-hydroxypentanedioicacid', 'DL-2-Hydroxyglutaric', 'UNII-RS4M3UYS95', '2-Hydroxy-pentanedioic acid', 'SCHEMBL7509', 'CHEBI:17084', 'DL-2-HYDROXYGLUTARIC ACID', 'DTXSID40864360', 'CAA88931', 'BDBM50570892', 'LMFA01050483', 'AKOS006373038', 'HY-113038B', 'Pentanedioic acid, 2-hydroxy- (9CI)', 'SB45575', '2-HYDROXYGLUTARIC ACID, (+/-)-', 'CS-0145757', 'FT-0696794', 'FT-0775117', 'Glutaric acid, 2-hydroxy- (6CI,7CI,8CI)', 'A18581', 'C02630', 'EN300-297558', 'Q209412']"
545,arsorous acid,31,"['Arsenous acid', 'arsorous acid', '13464-58-9', 'TRIHYDROXYARSENITE(III)', 'arsenous trioxide', 'diarsonic trioxide', 'arsenic trihydroxide', 'arsenic (III) trioxide', 'H3AsO3', 'As(OH)3', 'CHEBI:49900', '935XD1L5K2', 'Arsenious acid (H3AsO3)', 'rubidium dihydroorthoarsenate', 'UNII-935XD1L5K2', 'Arsenic (white)', 'trioxoarsenic acid', 'trihydroxidoarsenic', 'Arsenic oxide (3)', 'AArsenite (AsO33-)', 'Arsenous acid ion(3-)', 'arsenous oxide   anhydride', 'Arsenic sesquioxide (As2O3)', '[As(OH)3]', 'trihydrogen trioxoarsenate(3-)', 'ARSENOUS ACID (H3ASO3)', 'CHEMBL1236189', 'DTXSID7074828', 'ARSENIOUS OXIDE, 99.999%', 'DB04456', 'Q423271']"
19,"2,3-dihydroxybenzoic acid",85,"['2,3-Dihydroxybenzoic acid', '303-38-8', 'Pyrocatechuic acid', 'o-Pyrocatechuic acid', '2-Pyrocatechuic acid', '3-Hydroxysalicylic acid', 'DOBK', 'Catecholcarboxylic acid', 'Benzoic acid, 2,3-dihydroxy-', 'DHBA', 'dihydroxybenzoic acid', '2,3-Dihydroxybenzoicacid', 'Resorcylic acid', '2,3 DHB', '2,3-DIHYDROXY-BENZOIC ACID', 'Catechol-3-carboxylic acid', '2,3-dihydroxy benzoic acid', 'MFCD00002446', 'NSC 27435', '27138-57-4', '2,3-DIHDROXYBENZOIC ACID', 'CHEBI:18026', '70D5FBB392', 'NSC-27435', 'Benzoic acid, dihydroxy-', 'EINECS 206-139-5', 'BRN 2209117', 'Pyrocatechuate', 'UNII-70D5FBB392', 'o-Pyrocatechuate', 'Catecholcarboxylate', '1l6m', '3tf6', '3u0d', 'Spectrum2_001086', 'Spectrum3_001819', 'Benzoic acid,3-dihydroxy-', '2,3 Dihydroxy-benzoic acid', '2,3-Dihydroxybenzoate, IV', 'CHEMBL1432', 'SCHEMBL37458', 'BSPBio_003437', '4-10-00-01414 (Beilstein Handbook Reference)', 'MLS001066375', 'SPBio_001132', 'Pyrocatechol-3-carboxylic Acid', 'BDBM92456', 'KBio3_002940', 'DTXSID70858712', '2,3-Dihydroxybenzoic acid, 99%', 'HMS2231J14', 'HMS3369A12', 'KUC106698N', 'ZINC388166', 'ACT00443', 'AMY17988', 'HY-Y0202', 'NSC27435', 'CCG-40337', 'AKOS009156763', 'AC-2985', 'CS-W019844', 'DB01672', 'PS-3013', 'SDCCGMLS-0066859.P001', 'NCGC00178064-01', 'BP-12659', 'KSC-11-207-9', 'SMR000471836', 'SY003494', 'DB-027090', 'FT-0609669', 'S4946', '1,2-DIHYDROXYBENZENE-3-CARBOXYLIC ACID', 'C00196', 'EN300-112276', '303D388', 'A820329', 'SR-01000761414', 'Q-200170', 'Q2823200', 'SR-01000761414-2', 'Z367679198', '2,3-Dihydroxybenzoic acid;Catecholcarboxylic acid;NSC 27435', 'FF124556-A828-490B-B324-9AE859B695FA']"
481,"(3,4,5,6-tetrahydroxy-2-oxohexyl) dihydrogen phosphate",7,"['D-Fructose 1-phosphate', '15978-08-2', '1-o-phosphonohex-2-ulose', 'L-Sorbose-1-phosphate', 'SCHEMBL19512307', 'DTXSID70864651', '91746477-33C4-4DC4-A606-4E772E044460']"
18,"4,5,6-trihydroxy-2,3-dioxohexanoic acid",4,"['2,3-dioxo-L-gulonic', '2,3-dioxo-L-gulonate(1-)', 'SCHEMBL13859611', '2,3-dioxo-L-Gulonic acid(1-)']"
496,N-[3-(4-aminobutylamino)propyl]acetamide,25,"['N1-Acetylspermidine', '14278-49-0', 'N(1)-Acetylspermidine', 'N-(3-((4-Aminobutyl)amino)propyl)acetamide', '1-N-Acetylspermidine', 'N-Acetylspermidine', 'N-[3-(4-aminobutylamino)propyl]acetamide', 'N-{3-[(4-aminobutyl)amino]propyl}acetamide', 'CHEMBL176800', 'CHEBI:17927', 'Acetamide, N-[3-[(4-aminobutyl)amino]propyl]-', 'an N-acetylspermidine', 'Acetamide, N-(3-((4-aminobutyl)amino)propyl)-', 'n-(3-((4-aminobutyl)amino)propyl)-acetamide', 'SCHEMBL183048', 'DTXSID80162175', 'ZINC1532698', 'BDBM50405933', 'AKOS024183045', 'C00612', 'A908956', 'Q3869337', 'ACETAMIDE,N-(3-((4-AMINOBUTYL)AMINO)PROPYL)-', 'n-{3-[(4-aminobutyl)amino]propyl}acetamide hydrochloride', 'HLG']"
482,"(2-hydroxy-3,4,5,6-tetraphosphonooxycyclohexyl) dihydrogen phosphate",14,"['inositol pentaphosphate', '25663-09-6', 'InsP5', 'Inositol pentakisphosphate', 'myo-Inositol pentakisphosphate', 'Inositol pentis(dihydrogen phosphate)', 'myo-Inositol pentakis(dihydrogen phosphate)', 'FN9FAT8JSC', 'UNII-FN9FAT8JSC', 'SCHEMBL406796', 'DTXSID10864938', '26326-85-2', 'myo-Inositol, pentakis(dihydrogen phosphate)', '1,2,3,4,5,6-Cyclohexanehexaol 1,2,3,4,5-pentakisphosphoric acid']"
469,2-aminohexanedioic acid,91,"['2-Aminohexanedioic acid', '542-32-5', 'DL-2-Aminoadipic acid', '2-AMINOADIPIC ACID', 'alpha-Aminoadipic acid', 'aminoadipic acid', '2-Aminoadipate', 'DL-alpha-Aminoadipic acid', 'DL-2-Aminohexanedioic acid', 'Hexanedioic acid, 2-amino-', 'H-DL-Aad-OH', '2-amino-hexanedioic acid', 'alpha-Aminoadipate', 'AMINOADIPIC ACID, ALPHA', 'h-aad-oh', 'H-D-Aad-OH', '2-AMINO ADIPIC ACID', '(+/-)-2-Aminoadipic acid', '.alpha.-Aminoadipate', '.alpha.-Aminoadipic acid', '1K7B1OED4N', 'D-alpha-aminoadipic acid', 'CHEBI:37024', 'NSC46994', 'alpha-aminoadipicacid', 'NSC-46994', 'DL-alpha-Aminoadipate', 'D-alpha-Aminoadipic acid;(R)-2-Aminohexanedioic acid;H-D-Homoglu-OH', 'DL-alpha-Aminoadipic acid;(RS)-2-Aminohexanedioic acid;H-DL-Homoglu-OH', 'Aminoadipate', 'L-alpha-Aminoadipic acid;(S)-2-Aminohexanedioic acid;H-Homoglu-OH', 'MFCD00063118', 'Adipic acid, 2-amino-', 'L-.alpha.-Aminoadipic acid', 'EINECS 208-809-2', 'NSC 46994', 'UNII-1K7B1OED4N', 'CB 1710', 'BRN 1773077', 'alpha-Aminoadipic acid, DL-', 'MFCD00002636', 'EINECS 210-960-4', 'L--aminoadipic acid', 'L-2-Aminoadipicacid', '2-amino-Adipic acid', 'DL--Aminoadipic acid', '2-Aminohexanedioicacid', 'L-|A-aminoadipic acid', 'rac ?-Aminoadipic Acid', 'racemic 2-aminoadipic acid', 'bmse000429', 'SCHEMBL41328', '2-04-00-00913 (Beilstein Handbook Reference)', 'racemic alpha-aminoadipic acid', 'CHEMBL433238', '2-AMINOADIPIC ACID, DL-', 'DTXSID90862154', 'DL-2-Aminoadipic acid, >=99%', 'ACT09828', 'ALBB-025696', 'DL-.ALPHA.-AMINOADIPIC ACID', 'LMFA01170098', 'MFCD00063119', 's5442', 'STK099993', '2-AMINOADIPIC ACID, (+-)-', 'AKOS000487360', 'AKOS016352194', '.ALPHA.-AMINOADIPIC ACID [MI]', 'AM82414', 'PB47596', '(+/-)-.ALPHA.-AMINOADIPIC ACID', 'DS-13288', 'SY034127', 'SY034135', 'DB-011765', 'DB-052518', 'DB-056034', 'HY-113328', 'CS-0059618', 'FT-0625426', 'FT-0627628', 'FT-0636535', 'EN300-86284', 'VU0510757-1', 'A-4920', 'D-|A inverted exclamation mark-Aminoadipic acid', 'J-521626', 'Q2823204', 'F3146-3326', 'D3202D09-2C52-46F4-B662-00E096B3EC6D']"
535,1-aminocyclopropane-1-carboxylic acid,106,"['1-Aminocyclopropanecarboxylic acid', '22059-21-8', '1-Aminocyclopropane-1-carboxylic acid', 'Cyclopropanecarboxylic acid, 1-amino-', '1-Amino-1-carboxycyclopropane', '1-Amino-1-cyclopropanecarboxylic acid', 'ACC', 'alpha-Aminocyclopropanecarboxylic acid', 'MFCD00009944', 'alpha-Aminocyclopropane carboxylic acid', 'AMINOCYCLOPROPANECARBOXYLIC ACID', '1-aminocyclopropane-1-carboxylate', '1-Aminocyclopropane carboxylic acid', '1-Amino-Cyclopropanecarboxylic Acid', 'CB 1703', '.alpha.-Aminocyclopropane carboxylic acid', '3K9EJ633GL', 'Aminocyclopropane Carboxylic Acid', 'CHEBI:18053', 'NSC-98430', '1-amino-cyclopropane-1-carboxylic acid', '1AC', '1-Amino-Cyclopropanecarboxylicaci', 'Carboxycyclopropylamine', '1-Aminocyclopropanecarboxylicacid', 'NSC 98430', 'BRN 2076413', 'Spectrum_001270', 'SpecPlus_000710', 'H-ACPC-OH', 'Spectrum2_001475', 'Spectrum3_001515', 'Spectrum4_000771', 'Spectrum5_001755', 'Lopac-A-0430', 'Biomol-NT_000194', 'H-(1)NHNABLACO-OH', 'UNII-3K9EJ633GL', 'Lopac0_000072', 'SCHEMBL61082', 'BSPBio_003189', 'KBioGR_001182', 'KBioSS_001750', 'DivK1c_006806', 'SPECTRUM1502130', 'SPBio_001429', 'BPBio1_001220', 'CHEMBL265325', 'CPD-68', 'DTXSID9039577', 'KBio1_001750', 'KBio2_001750', 'KBio2_004318', 'KBio2_006886', 'KBio3_002689', '1y20', 'ZINC895536', '1-aminocyclopropane-carboxylic acid', 'ACT02868', 'BCP05245', 'CS-B0091', 'NSC98430', 'BBL100145', 'CCG-39213', 's3119', 'STL511733', 'AKOS005145951', '1-amino-1-cyclopropane-carboxylic acid', 'AC-2698', 'DB02085', 'PB23174', 'PS-9319', 'SDCCGSBI-0050060.P003', '1-Aminocyclopropane-1-1-carboxylic acid', 'NCGC00015029-01', 'NCGC00015029-02', 'NCGC00015029-03', 'NCGC00015029-04', 'NCGC00015029-05', 'NCGC00015029-06', 'NCGC00015029-09', 'NCGC00095936-01', 'NCGC00162058-01', 'NCGC00163267-01', 'NCGC00163267-02', 'HY-30004', 'SY002598', 'AMINOCYCLOPROPANE-1-CARBOXYLIC ACID', 'DB-005667', 'A1178', 'AM20090214', 'FT-0600512', 'EN300-57568', 'C01234', 'AB00053185-06', '059A218', '1-Aminocyclopropanecarboxylic acid, >=98% (TLC)', '4-14-00-00973 (Beilstein Handbook Reference)', 'A815888', 'Q409061', 'A1-00274', 'J-504203', '2F84F3AA-827E-4F75-B104-156AADCFADAC', 'F8889-0699', '1-Aminocyclopropane-1-carboxylic Acid - CAS 22059-21-8', '1-azaniumylcyclopropanecarboxylate;1-Aminocyclopropane-1-carboxylic Acid']"
33,2-chloroacetaldehyde,58,"['CHLOROACETALDEHYDE', '2-chloroacetaldehyde', '107-20-0', 'Chloroethanal', '2-Chloroethanal', 'Acetaldehyde, chloro-', 'Chloroaldehyde', 'Monochloroacetaldehyde', '2-Chloro-1-ethanal', 'Chloroacetaldehyde monomer', 'RCRA waste number P023', 'Acetaldehyde, 2-chloro-', 'Chloroacetalaldehyde', 'CH2ClCHO', 'CF069F5D9C', 'CHEBI:27871', 'Chloroacetaldehyde (~45per cent in water)', 'chloro-acetaldehyde', 'CCRIS 856', 'HSDB 2521', 'alpha-chloroacetaldehyde', 'EINECS 203-472-8', 'UN2232', 'RCRA waste no. P023', 'BRN 1071226', 'UNII-CF069F5D9C', 'chloracetaldehyde', 'chloroactaldehyde', 'chloroacetoaldehyde', 'chloro acetaldehyde', 'MFCD00006992', 'ClCH2CHO', '2-Chloro-Acetaldehyde', 'chloroacetaldehyde (CAA)', 'DSSTox_CID_292', 'EC 203-472-8', 'DSSTox_RID_75492', 'DSSTox_GSID_20292', '4-01-00-03134 (Beilstein Handbook Reference)', 'CHLOROACETALDEHYDE [MI]', 'CHEMBL506976', 'DTXSID4020292', 'CHLOROACETALDEHYDE [HSDB]', 'STR01221', 'ZINC8220699', 'Tox21_301152', 'STL264246', 'AKOS000118948', 'UN 2232', '2-Chloroethanal [UN2232]  [Poison]', 'NCGC00248308-01', 'NCGC00255050-01', 'BP-13328', 'CAS-107-20-0', 'EN300-19136', 'C06754', 'J-509000', 'Q1950418']"
525,2-hydroxybutanedioic acid,182,"['malic acid', 'DL-malic acid', '6915-15-7', '2-Hydroxybutanedioic acid', '2-Hydroxysuccinic acid', '617-48-1', 'malate', 'Butanedioic acid, hydroxy-', 'hydroxysuccinic acid', 'Malic acid, DL-', 'Kyselina jablecna', 'hydroxybutanedioic acid', 'Pomalus acid', 'Deoxytetraric acid', 'dl-Hydroxybutanedioic acid', 'Hydroxybutandisaeure', 'alpha-Hydroxysuccinic acid', 'Musashi-no-Ringosan', 'Caswell No. 537', 'DL-2-hydroxybutanedioic acid', 'FDA 2018', 'Monohydroxybernsteinsaeure', 'Succinic acid, hydroxy-', 'R,S(+-)-Malic acid', 'Kyselina jablecna [Czech]', 'Malic acid [NF]', 'FEMA No. 2655', '2-Hydroxyethane-1,2-dicarboxylic acid', 'Pomalous acid', 'Kyselina hydroxybutandiova [Czech]', 'd,l-malic acid', 'EPA Pesticide Chemical Code 051101', 'AI3-06292', '(+/-)-Malic acid', 'Malic acid, L-', 'NSC-25941', 'E296', 'BUTANEDIOIC ACID, HYDROXY-, (S)-', 'MLS000084707', '817L1N4CKP', 'CHEBI:6650', 'INS NO.296', '(+-)-1-Hydroxy-1,2-ethanedicarboxylic acid', 'INS NO. 296', 'INS-296', 'NSC25941', 'Malic acid (NF)', 'SMR000019054', 'DL-Apple Acid', 'E-296', 'DSSTox_CID_7640', '(R)-Hydroxybutanedioic acid', '(S)-Hydroxybutanedioic acid', 'DSSTox_RID_78538', 'DSSTox_GSID_27640', '(+-)-Malic acid', 'R-Malic acid', 'Malicum acidum', 'FEMA Number 2655', 'Butanedioic acid, 2-hydroxy-, (2S)-', 'CAS-6915-15-7', 'CCRIS 2950', 'CCRIS 6567', 'L-(-)-MalicAcid', 'HSDB 1202', 'DL-hydroxysuccinic acid', 'Kyselina hydroxybutandiova', 'EINECS 210-514-9', 'EINECS 230-022-8', 'NSC 25941', 'Hydroxybutanedioic acid, (-)-', '(+-)-Hydroxysuccinic acid', 'UNII-817L1N4CKP', 'Aepfelsaeure', 'NSC 9232', 'MFCD00004245', 'MFCD00064213', '(+/-)-2-Hydroxysuccinic acid', 'Hydroxybutanedioic acid, (+-)-', 'H2mal', 'Racemic malic acid', 'MFCD00064212', '.+-.-Malic acid', '143435-96-5', 'Opera_ID_805', '2-hydroxyl-succinic acid', 'DL-Malic acid, 99%', 'MALIC ACID [II]', 'MALIC ACID [MI]', 'MALIC ACID,(DL)', '2-Hydroxydicarboxylic acid', 'MALIC ACID [FCC]', 'SCHEMBL856', '2-hydroxy-butanedioic acid', 'bmse000046', 'bmse000904', 'MALIC ACID [INCI]', 'EC 210-514-9', 'EC 230-022-8', 'MALIC ACID [VANDF]', 'Malic acid-, (L-form)-', 'DL-Malic acid, >=99%', 'HYOSCYAMINEHYDROBROMIDE', 'Oprea1_130558', 'Oprea1_624131', 'MALIC ACID [USP-RS]', 'MALIC ACID [WHO-DD]', 'butanedioic acid, 2-hydroxy-', 'DL-Malic acid-2-[13C]', 'DL-HYDROXYSUCOINIC ACID', 'Butanedioic acid, (.+-.)-', 'DL(+/-)-MALIC ACID', 'GTPL2480', '2-HYDROXY-SUCCINIC ACID', 'DL-HYROXYBUTANEDIOIC ACID', 'CHEMBL1455497', 'DTXSID0027640', 'BDBM92495', 'MALIC ACID [EP MONOGRAPH]', 'MALIC ACID [USP IMPURITY]', 'DL-Malic acid, FCC, >=99%', 'HMS2358H06', 'HMS3371C13', 'DL-Malic acid, analytical standard', 'HY-Y1311', 'STR03457', '(+/-)-HYDROXYSUCCINIC ACID', 'Tox21_201536', 'Tox21_300372', 's9001', 'STL283959', 'HYDROXYBUTANEDIOIC ACID [HSDB]', 'AKOS000120085', 'AKOS017278471', '(+/-)-HYDROXYBUTANEDIOIC ACID', 'AM81418', 'CCG-266122', 'DB12751', 'DL-Malic acid, ReagentPlus(R), 99%', 'NCGC00043225-02', 'NCGC00043225-03', 'NCGC00254259-01', 'NCGC00259086-01', 'DL-Malic acid, >=98% (capillary GC)', 'HYDROXYBUTANEDIOIC ACID, (+/-)-', 'SY003313', 'SY009804', 'DL-Malic acid, ReagentPlus(R), >=99%', 'DB-016133', 'DL-Malic acid 1000 microg/mL in Methanol', 'DL-Malic acid, USP, 99.0-100.5%', 'CS-0017784', 'E 296', 'EU-0067046', 'FT-0605225', 'FT-0625484', 'FT-0625485', 'FT-0625539', 'FT-0632189', 'M0020', 'DL-Malic acid, SAJ first grade, >=99.0%', 'EN300-19229', 'A19426', 'C00711', 'C03668', 'D04843', 'DL-Malic acid 1000 microg/mL in Acetonitrile', 'DL-Malic acid, Vetec(TM) reagent grade, 98%', 'M-0825', 'AB00443952-12', 'Malic acid, meets USP/NF testing specifications', '4-ethoxyphenyltrans-4-propylcyclohexanecarboxylate', 'L023999', 'Q190143', 'Q-201028', '0C9A2DC0-FEA2-4864-B98B-0597CDD0AD06', 'F0918-0088', 'Z104473230', 'Malic acid, United States Pharmacopeia (USP) Reference Standard', 'MALIC ACID (CONSTITUENT OF CRANBERRY LIQUID PREPARATION) [DSC]', 'Malic acid, Pharmaceutical Secondary Standard; Certified Reference Material', 'DL-Malic acid, meets analytical specification of FCC, E296, 99-100.5% (alkalimetric)']"
479,"2,4-dihydroxy-3,3-dimethyl-N-[3-oxo-3-(2-sulfanylethylamino)propyl]butanamide",9,"['pantotheine', 'LBF', 'Pantethein', 'pantothenoylcysteamine', 'Lactobacillus bulgaric', 'SCHEMBL199398', 'AKOS015898640', '(D)-(+)-Pantetheine, N-(Pantothenyl)-?-aminoethanethiol', '(R)-2,4-Dihydroxy-N-[2-[(2-mercaptoethyl)carbamoyl]ethyl]-3,3-dimethylbutyramide']"
487,2-methylpropanedioic acid,78,"['Methylmalonic acid', '516-05-2', '2-Methylmalonic acid', '2-Methylpropanedioic acid', 'Isosuccinic acid', 'methylmalonate', 'Propanedioic acid, methyl-', '1,1-Ethanedicarboxylic acid', 'methylpropanedioic acid', 'Malonic acid, methyl-', 'METHYL MALONIC ACID', 'NSC 25201', 'CHEBI:30860', 'MFCD00002656', '2-methyl-propanedioic acid', '8LL8S712J7', 'Methylpropanedioic acid;Methylmalonate', 'NSC-25201', 'methylpropanedioate', '1215348-94-9', 'SMR000857347', '2-Methylpropanedioicacid', 'EINECS 208-219-5', 'BRN 1756084', 'Isosuccinate', 'methyl-Malonate', 'UNII-8LL8S712J7', 'AI3-19472', '2-Methylmalonate', '2-Methylmalonicacid', 'methyl-Malonic acid', 'methyl-Propanedioate', '2-methyl-malonic acid', 'alpha-methylmalonic acid', 'methyl-Propanedioic acid', '1,1-Ethanedicarboxylate', 'Methylmalonic acid, 99%', 'bmse000398', 'WLN: QV1VO1', 'Methylmalonic acid-[13C4]', 'SCHEMBL27766', '4-02-00-01932 (Beilstein Handbook Reference)', 'MLS001335865', 'MLS001335866', 'GTPL9633', 'CHEMBL1232416', 'DTXSID00199549', 'HMS2230A22', 'HMS3869I13', 'ZINC901289', 'Propanedioic acid, methyl- (9CI)', 'BCP22931', 'NSC25201', 'STR03479', 'AC1639', 'BBL027393', 'BDBM50038341', 'LMFA01170118', 's3683', 'STL373471', 'PROPANEDIOIC ACID, 2-METHYL-', 'AKOS009157181', 'CCG-266070', 'DB04183', 'NCGC00247049-01', 'SY006109', 'HY-103395', 'CS-0027817', 'FT-0655314', 'FT-0671897', 'M0568', 'EN300-53151', 'C02170', '516M052', 'Q239598', '2-Methylmalonic acid 100 microg/mL in Acetonitrile', 'Z787653408', '166A2535-D607-4D47-956D-8FC6A1EA3B08']"
524,2-hydroxy-3-oxobutanedioic acid,11,"['Oxaloglycolate', '2-hydroxy-3-oxobutanedioic acid', '2-hydroxy-3-oxosuccinic acid', 'OXALOGLYCOLIC ACID', 'C03459', 'SCHEMBL1291687', 'CHEBI:17778', 'DTXSID30861787', 'BDBM50390677', 'AKOS006377432', 'Q27102603']"
36,2-hydroxy-3-propan-2-ylbutanedioic acid,13,"['2-hydroxy-3-isopropylsuccinic acid', '3-isopropylmalic acid', '16048-89-8', '2-hydroxy-3-propan-2-ylbutanedioic acid', '2-hydroxy-3-(propan-2-yl)butanedioic acid', '3-carboxy-2-hydroxy-4-methylpentanoic acid', 'SCHEMBL259033', 'CHEBI:35114', 'DTXSID30274257', 'AKOS014315646', 'DB04279', '3-Isopropylmalic acid, >=96.0% (GC)', 'EN300-1722856']"
22,2-hydroxy-2-methyl-3-oxobutanoic acid,21,"['2-Acetolactate', '918-44-5', '2-hydroxy-2-methyl-3-oxobutanoic acid', 'DL-Acetolactic acid', 'Butanoic acid, 2-hydroxy-2-methyl-3-oxo-', '2-acetyllactic acid', 'QV9C4ZW4PY', '2-Acetolactic acid, (+/-)-', '2-HYDROXY-2-METHYL-3-OXO-BUTANOIC ACID', 'Acetoacetic acid, 2-hydroxy-2-methyl-', 'Acetolactic acid', 'UNII-QV9C4ZW4PY', 'SCHEMBL61227', 'BDBM82146', 'CHEBI:16444', 'DTXSID801343582', 'LMFA01050472', 'AKOS006380884', 'FT-0612527', 'C00900', 'Q27101908']"
34,2-chloroethanol,111,"['2-chloroethanol', 'Ethylene chlorohydrin', '107-07-3', 'Ethanol, 2-chloro-', 'Glycol chlorohydrin', '2-Chloroethyl alcohol', 'Chloroethanol', 'Glycol monochlorohydrin', '2-Monochloroethanol', 'Ethylchlorohydrin', '2-Chlorethanol', '2-Chloro-1-ethanol', '2-Hydroxyethyl chloride', 'Glycomonochlorhydrin', 'beta-Chloroethyl alcohol', 'Ethylene chlorhydrin', 'Ethene, chlorohydrin', '2-Chloorethanol', '2-Chloraethanol', '2-Cloroetanolo', 'beta-Chloroethanol', 'Aethylenechlorhydrin', '2-Chloro-1-hydroxyethane', 'Glicol monocloridrina', 'Ethyleen-chloorhydrine', 'Glycolmonochloorhydrine', 'NCI-C50135', 'Ethylene glycol, chlorohydrin', 'beta-Hydroxyethyl chloride', 'Chloroalcohol', '2-CHLORO-ETHANOL', 'Monochlorhydrine du glycol', '.beta.-Chloroethyl alcohol', 'Ethanol, chloro-', 'NSC 122289', '.beta.-Chloroethanol', '.beta.-Hydroxyethyl chloride', '753N66IHAN', 'CHEBI:28200', 'NSC-122289', '59826-67-4', 'delta-Chloroethanol', '2-Chloorethanol [Dutch]', '2-Chlorethanol [German]', '2-Chloraethanol [German]', '2-Cloroetanolo [Italian]', '2-Chloro Ethanol', 'Aethylenechlorhydrin [German]', 'CCRIS 859', 'Ethyleen-chloorhydrine [Dutch]', 'Chloroethylowy alkohol', 'Glycolmonochloorhydrine [Dutch]', 'HSDB 426', 'Chloroethylowy alkohol [Polish]', 'Glicol monocloridrina [Italian]', 'Monochlorhydrine du glycol [French]', 'EINECS 203-459-7', 'UN1135', 'BRN 0878139', 'UNII-753N66IHAN', 'AI3-52326', '2- Chloroethanol', '2-chloranylethanol', 'ethylenechlorohydrin', 'delta-Chloroethanolchloroethylowy alkohol [Polish]', 'ethylenechlorohydrine', '2-choroethan-1-ol', 'MFCD00002829', 'ethylene chlorohydrine', '2-chloroethan-1-ol', '2-Chloroethanol (ethylene chlorohydrin)', 'delta-Chloroethanolchloroethylowy alkohol', '2-chloro-ethan-1-ol', 'CH2ClCH2OH', 'buta-1,3-diene-1,1,4-tricarboxylic acid', '2-Chloroethanol, 99%', '1-chloro-2-hydroxyethane', 'DSSTox_CID_1877', 'bmse000360', 'EC 203-459-7', 'WLN: Q2G', 'DSSTox_RID_76380', 'DSSTox_GSID_21877', '4-01-00-01372 (Beilstein Handbook Reference)', 'CHEMBL191244', '2-CHLOROETHANOL [HSDB]', 'DTXSID1021877', 'ETHYLENE CHLOROHYDRIN [MI]', 'ACT07200', 'ZINC8220697', 'Tox21_300043', 'ArgoGel(TM)-Cl, 1 % cross-linked', 'BBL011477', 'NSC122289', 'STL146589', 'AKOS000119040', 'UN 1135', 'NCGC00247890-01', 'NCGC00254022-01', 'CAS-107-07-3', '.delta.-Chloroethanolchloroethylowy alkohol', '2-Chloroethanol 100 microg/mL in Methanol', '2-Chloroethanol 1000 microg/mL in Methanol', 'Ethylene chlorohydrin [UN1135]  [Poison]', 'C06753', '2-Chloroethanol, SAJ special grade, >=99.0%', 'A801572', 'Q209354', '2-Chloroethanol, PESTANAL(R), analytical standard', '2-Chloroethanol, puriss. p.a., >=99.0% (GC)', 'J-509022']"
491,,14,"['trithionate', 'trithionate(2-)', '15579-17-6', '(O3S.S.SO3)2-', 'S3O6', 'Trithionat', 'CHEBI:15987', 'DTXSID20165968', '[O3SSSO3](2-)', '[S3O6](2-)', 'A3485', 'C01861', 'Q27098331', '2,2,4,4-tetraoxido-1,5-dioxy-2,3,4-trisulfy-[5]catenate(2-)']"
485,2-(trimethylazaniumyl)ethyl sulfate,20,"['choline sulfate', '4858-96-2', 'choline sulphate', '2-(trimethylazaniumyl)ethyl sulfate', 'Choline O-sulfate', '2-(trimethylammonio)ethyl sulfate', 'choline sulfate betaine', 'NSC-46242', '9Q5XI11K27', 'Ethanaminium, N,N,N-trimethyl-2-(sulfooxy)-, inner salt', 'Choline-O-sulfate', 'SCHEMBL339063', 'UNII-9Q5XI11K27', 'CHEBI:16822', 'DTXSID70274271', 'NSC46242', 'Choline, hydrogen sulfate, inner salt', 'C00919', 'Q27102096', 'Ethanaminium,N,N-trimethyl-2-(sulfooxy)-, hydroxide, inner salt']"
484,1H-imidazol-5-amine,34,"['4-aminoimidazole', '1H-Imidazol-4-amine', '4919-03-3', '1H-imidazol-5-amine', '5-Aminoimidazole', 'Aminoimidazole', '1H-Imidazol-4-ylamine', '7854BCQ2PS', '3h-imidazol-4-amine', '1,3-diazolium-4-aminide', '4-(or 5-)aminoimidazole', 'UNII-7854BCQ2PS', 'IMIDAZOLE, 4-AMINO-', 'CHEBI:16607', 'DTXSID00197702', 'ACT04251', 'AMY40030', 'BCP05277', 'MFCD00235200', 'MFCD10697825', 'ZINC12958660', 'AKOS005259860', 'AKOS006282285', 'MB08721', 'AS-56807', 'SY013999', 'BB 0262079', 'FT-0650211', 'C05239', 'EN300-177717', 'P20245', '919A033', 'A853362', 'Q27101994']"
490,2-oxoethylphosphonic acid,18,"['phosphonoacetaldehyde', '(2-oxoethyl)phosphonic acid', '2-Oxoethylphosphonic acid', '16051-76-6', '2-Phosphonoacetaldehyde', '2-Oxoethylphosphonate', 'acetylphosphonate', 'VPZ8FR5BMZ', 'phosphonic acid, (2-oxoethyl)-', 'UNII-VPZ8FR5BMZ', 'SCHEMBL261595', 'CHEBI:18124', 'DTXSID60166898', 'P-(2-OXOETHYL)PHOSPHONIC ACID', 'DB03174', 'PHOSPHONIC ACID, P-(2-OXOETHYL)-', 'C03167', 'Q27094110']"
527,propanal,80,"['Propionaldehyde', 'propanal', '123-38-6', 'Methylacetaldehyde', 'Propaldehyde', 'Propanaldehyde', 'n-Propanal', 'Propylaldehyde', 'Propional', 'Propionic aldehyde', 'Propylic aldehyde', '1-Propanal', 'Propyl aldehyde', 'Aldehyde propionique', 'n-Propionaldehyde', 'Propanalaldehyde', 'Proprionaldehyde', '1-Propanone', 'FEMA No. 2923', 'NCI-C61029', 'NSC 6493', 'C2H5CHO', 'AMJ2B4M67V', 'CHEBI:17153', 'NSC-6493', 'UN 1275', '25722-18-3', 'Propionaldehyd', 'FEMA Number 2923', 'Propionaldehyde (natural)', 'Aldehyde propionique [French]', 'CCRIS 2917', 'HSDB 1193', 'EINECS 204-623-0', 'MFCD00007020', 'UN1275', 'UNII-AMJ2B4M67V', 'proprionaldhyde', 'propion aldehyde', 'AI3-16114', 'methyl acetaldehyde', 'Propionaldehyde, 97%', 'ETHYLCARBOXALDEHYDE', 'DSSTox_CID_1658', 'EC 204-623-0', 'WLN: VH2', 'DSSTox_RID_76270', 'PROPIONALDEHYDE [MI]', 'DSSTox_GSID_21658', 'PROPIONALDEHYDE [FCC]', 'PROPIONALDEHYDE [FHFI]', 'PROPIONALDEHYDE [HSDB]', 'CHEMBL275626', 'Propionaldehyde, >=97%, FG', 'DTXSID2021658', 'BDBM60952', 'NSC6493', 'ZINC895256', 'Propionaldehyde, analytical standard', 'STR01357', 'Tox21_201071', 'Propionaldehyde, reagent grade, 97%', 'STL264226', 'AKOS000119167', 'Propionaldehyde, natural, >=98%, FG', 'NCGC00091772-01', 'NCGC00091772-02', 'NCGC00258624-01', 'CAS-123-38-6', 'FT-0655858', 'P0498', 'EN300-19153', 'C00479', 'Propionaldehyde [UN1275]  [Flammable liquid]', 'A805061', 'Q422909', 'J-004931', 'J-524059', 'F2190-0621', '2,5-Dioxo-1-[[1-oxo-6-[[1-oxo-3-(2-pyridinyldithio)propyl]amino]hexyl]oxy]-3-pyrrolidinesulfonic Acid Monosodium Salt;']"
21,2-ethyl-2-hydroxy-3-oxobutanoic acid,24,"['Acetohydroxybutyrate', '2-Aceto-2-hydroxybutanoate', 'AAAHB', '2-Aceto-2-hydroxybutyrate', '3142-65-2', 'alpha-aceto-alpha-hydroxybutyrate', '2-ethyl-2-hydroxy-3-oxobutanoic acid', 'Butanoic acid, 2-ethyl-2-hydroxy-3-oxo-', '2-ethyl-2-hydroxy-3-oxo-butanoic acid', 'Acetohydroxybutyric acid', 'SCHEMBL42929', 'alpha-Acetohydroxybutyric acid', 'CHEBI:982', '2-Aceto-2-hydroxybutyric acid', '2-ethyl-2-hydroxy-3-oxobutanoicacid', 'LMFA01050501', 'AKOS006380539', '2-hydroxy-2-ethyl-3-keto-butanoic acid', 'Butanoic acid, 2-ethyl-2-hydroxy-3-oxo', 'C00659', 'Butanoic acid, 2-ethyl-2-hydroxy-3-oxo- (9CI)', 'butanoic acid, 2-ethyl-2-hydroxy-3-oxo-, (2S)-', 'Q27105388', 'Acetoacetic acid, 2-ethyl-2-hydroxy- (6CI,7CI,8CI)']"
